CODGEO;TP4020;TP5020;TP6020;TP60Q220;TP60IP20;AGE1TP4020;AGE1TP5020;AGE1TP6020;AGE1TP60Q220;AGE1TP60IP20;AGE2TP4020;AGE2TP5020;AGE2TP6020;AGE2TP60Q220;AGE2TP60IP20;AGE3TP4020;AGE3TP5020;AGE3TP6020;AGE3TP60Q220;AGE3TP60IP20;AGE4TP4020;AGE4TP5020;AGE4TP6020;AGE4TP60Q220;AGE4TP60IP20;AGE5TP4020;AGE5TP5020;AGE5TP6020;AGE5TP60Q220;AGE5TP60IP20;AGE6TP4020;AGE6TP5020;AGE6TP6020;AGE6TP60Q220;AGE6TP60IP20;TME1TP4020;TME1TP5020;TME1TP6020;TME1TP60Q220;TME1TP60IP20;TME2TP4020;TME2TP5020;TME2TP6020;TME2TP60Q220;TME2TP60IP20;TME3TP4020;TME3TP5020;TME3TP6020;TME3TP60Q220;TME3TP60IP20;TME4TP4020;TME4TP5020;TME4TP6020;TME4TP60Q220;TME4TP60IP20;TME5TP4020;TME5TP5020;TME5TP6020;TME5TP60Q220;TME5TP60IP20;TOL1TP4020;TOL1TP5020;TOL1TP6020;TOL1TP60Q220;TOL1TP60IP20;TOL2TP4020;TOL2TP5020;TOL2TP6020;TOL2TP60Q220;TOL2TP60IP20;TLD2TP4020;TLD2TP5020;TLD2TP6020;TLD2TP60Q220;TLD2TP60IP20;TLD3TP4020;TLD3TP5020;TLD3TP6020;TLD3TP60Q220;TLD3TP60IP20;TYM1TP4020;TYM1TP5020;TYM1TP6020;TYM1TP60Q220;TYM1TP60IP20;TYM2TP4020;TYM2TP5020;TYM2TP6020;TYM2TP60Q220;TYM2TP60IP20;TYM3TP4020;TYM3TP5020;TYM3TP6020;TYM3TP60Q220;TYM3TP60IP20;TYM4TP4020;TYM4TP5020;TYM4TP6020;TYM4TP60Q220;TYM4TP60IP20;TYM5TP4020;TYM5TP5020;TYM5TP6020;TYM5TP60Q220;TYM5TP60IP20;TYM6TP4020;TYM6TP5020;TYM6TP6020;TYM6TP60Q220;TYM6TP60IP20;OPR1TP4020;OPR1TP5020;OPR1TP6020;OPR1TP60Q220;OPR1TP60IP20;OPR2TP4020;OPR2TP5020;OPR2TP6020;OPR2TP60Q220;OPR2TP60IP20;OPR3TP4020;OPR3TP5020;OPR3TP6020;OPR3TP60Q220;OPR3TP60IP20;OPR4TP4020;OPR4TP5020;OPR4TP6020;OPR4TP60Q220;OPR4TP60IP20;OPR5TP4020;OPR5TP5020;OPR5TP6020;OPR5TP60Q220;OPR5TP60IP20;OPR6TP4020;OPR6TP5020;OPR6TP6020;OPR6TP60Q220;OPR6TP60IP20
01;5,0;6,0;10,5;10760;0,199;5,2;9,2;15,6;10470;0,221;5,0;6,5;11,7;10880;0,190;5,0;6,7;11,7;10730;0,202;5,0;6,4;10,3;10260;0,237;5,0;5,0;7,8;10990;0,182;5,0;5,0;7,6;11620;0,135;5,0;8,4;14,3;10560;0,214;5,0;5,0;7,0;10700;0,204;5,0;5,5;9,4;10650;0,207;5,0;5,0;8,0;10770;0,198;5,0;9,9;18,3;10930;0,187;5,0;5,0;5,0;10540;0,216;5,9;12,3;22,1;10850;0,193;6,2;15,3;29,5;11080;0,176;5,6;9,6;15,6;10290;0,235;5,7;9,1;13,8;9720;0,277;5,0;7,7;14,7;11030;0,179;5,0;5,0;5,0;10750;0,200;5,0;5,3;9,5;10820;0,195;6,0;12,8;22,5;10800;0,196;5,0;6,5;10,9;10610;0,210;5,0;5,0;7,4;11340;0,156;12,5;29,8;47,4;10490;0,219;8,0;13,2;18,1;9390;0,302;5,0;5,0;9,1;11280;0,161;23,4;27,1;30,8;4320;0,679;54,6;76,3;86,8;7100;0,472
02;5,0;10,1;18,0;10870;0,192;8,5;18,1;29,7;10550;0,215;5,0;12,0;22,5;11010;0,181;5,0;11,7;20,7;10810;0,196;5,2;10,9;17,3;10350;0,230;5,0;6,2;11,9;11090;0,175;5,0;5,0;9,7;11800;0,122;5,9;12,5;20,7;10450;0,222;5,0;6,3;11,1;10810;0,195;5,0;9,4;15,9;10690;0,205;5,0;8,1;15,6;11100;0,174;6,8;17,6;32,9;11000;0,181;5,0;5,0;8,2;11250;0,163;8,2;20,7;35,4;10710;0,203;9,8;26,1;43,8;10660;0,207;7,2;16,9;29,3;10780;0,198;7,4;14,5;21,2;9550;0,289;5,0;11,0;20,4;10970;0,184;5,0;5,0;7,1;11250;0,163;5,0;9,0;17,2;11070;0,176;8,6;22,0;36,2;10640;0,208;5,0;10,9;19,4;10870;0,191;5,0;6,2;13,7;11440;0,148;18,7;44,6;65,7;10190;0,242;7,6;12,0;16,1;9150;0,319;5,0;6,4;13,4;11360;0,155;12,4;18,5;23,0;8590;0,361;34,4;69,3;84,8;9360;0,304
03;5,0;8,6;15,3;10820;0,195;7,4;15,1;24,0;10450;0,222;5,0;11,2;19,7;10810;0,196;5,0;10,4;17,7;10650;0,208;5,1;10,0;15,8;10160;0,244;5,0;5,6;10,9;11100;0,174;5,0;5,0;10,4;11780;0,124;5,6;11,4;20,0;10790;0,197;5,0;5,3;9,7;10910;0,189;5,0;8,1;14,0;10720;0,202;5,0;6,7;12,7;11000;0,182;7,3;17,8;30,6;10750;0,200;5,0;5,0;8,4;10980;0,183;7,5;17,9;30,9;10720;0,202;9,0;23,0;39,7;10740;0,201;6,8;15,4;26,5;10710;0,203;7,3;14,0;21,8;10030;0,254;5,0;9,5;18,6;11120;0,173;5,0;5,0;6,3;11210;0,166;5,0;7,5;13,6;10840;0,193;7,3;19,2;32,9;10770;0,199;5,3;10,7;16,5;10320;0,232;5,0;5,0;10,0;11400;0,152;16,5;38,4;59,5;10270;0,236;9,5;16,1;21,9;9480;0,295;5,0;5,7;12,5;11420;0,150;16,4;24,7;31,0;8740;0,350;33,0;64,5;80,0;9400;0,301
04;5,0;9,3;16,6;10840;0,193;7,3;15,0;25,4;10770;0,199;5,1;11,8;21,0;10930;0,187;5,0;11,3;19,2;10670;0,206;5,5;10,6;17,1;10310;0,233;5,0;6,7;12,6;10980;0,183;5,0;5,2;11,8;11470;0,146;7,0;13,4;22,6;10650;0,207;5,0;6,6;11,5;10730;0,202;5,0;8,4;14,9;10880;0,190;5,0;7,8;14,4;10940;0,186;5,7;14,4;27,4;11100;0,174;5,0;5,2;9,3;10770;0,198;7,2;16,3;28,9;10860;0,192;6,9;19,1;37,9;11180;0,168;7,3;15,4;25,9;10670;0,206;8,6;15,7;23,7;9920;0,262;5,7;11,5;21,6;11010;0,180;5,0;5,0;7,6;10940;0,186;5,0;7,7;14,3;11000;0,182;7,8;19,0;32,6;10820;0,195;5,0;8,6;15,3;10710;0,203;5,0;5,2;11,2;11380;0,154;12,9;32,2;53,6;10630;0,209;13,1;21,7;29,3;9370;0,303;5,0;6,7;14,0;11300;0,159;12,9;18,2;21,8;7720;0,425;37,8;67,5;82,6;9220;0,314
05;5,0;7,6;13,9;10920;0,188;7,0;13,1;22,2;10560;0,214;5,0;9,1;16,8;10910;0,188;5,0;9,0;16,3;10880;0,190;5,0;8,6;14,0;10340;0,231;5,0;5,0;10,0;11190;0,167;5,0;5,0;10,2;11550;0,141;6,1;11,6;20,3;10780;0,198;5,0;5,3;9,8;10960;0,185;5,0;7,0;12,4;10890;0,190;5,0;6,3;11,7;10930;0,187;5,0;10,5;21,1;11220;0,165;5,0;5,0;8,1;10770;0,199;5,9;13,0;24,3;10980;0,183;6,8;17,2;34,1;11170;0,169;5,5;11,2;20,1;10850;0,193;7,6;13,7;21,5;10210;0,241;5,0;9,8;19,3;11140;0,171;5,0;5,0;6,1;11240;0,164;5,0;6,1;11,7;11020;0,180;7,0;15,6;27,4;10860;0,192;s;5,2;10,1;11080;0,176;5,0;5,0;9,8;11400;0,152;11,7;28,2;48,3;10730;0,202;9,6;16,6;24,0;9710;0,278;5,0;5,3;11,6;11420;0,150;14,6;19,9;23,7;7580;0,436;38,5;63,4;77,4;9000;0,330
06;5,5;9,9;16,2;10420;0,224;9,3;14,9;22,7;9910;0,263;6,1;11,2;18,2;10410;0,226;6,2;11,4;18,4;10370;0,228;6,1;10,5;16,2;10040;0,253;5,0;7,9;13,3;10600;0,212;5,0;6,5;12,4;11080;0,176;7,8;12,9;20,0;10040;0,253;5,0;7,1;11,9;10470;0,221;5,0;8,7;14,0;10340;0,231;5,0;8,0;13,4;10520;0,218;7,8;16,5;28,0;10640;0,209;5,0;5,4;8,6;10270;0,236;8,5;15,9;26,3;10480;0,220;7,2;16,9;31,8;11000;0,181;8,9;15,6;24,6;10210;0,240;9,2;14,3;20,4;9490;0,294;6,9;12,0;19,7;10520;0,217;5,0;5,0;8,7;10590;0,212;5,0;8,9;14,7;10430;0,224;8,3;16,2;27,0;10560;0,214;5,1;9,8;16,3;10570;0,214;5,0;5,6;10,8;11060;0,177;16,1;33,1;51,0;10240;0,238;13,4;19,7;25,4;8740;0,350;5,0;7,9;14,8;11000;0,182;16,6;21,2;25,2;6810;0,493;51,1;72,6;83,0;7280;0,458
07;5,0;8,0;14,3;10820;0,195;6,6;12,7;21,1;10500;0,218;5,0;10,0;17,8;10840;0,194;5,0;9,7;17,2;10780;0,198;5,0;9,0;14,3;10330;0,232;5,0;5,5;10,1;10950;0,185;5,0;5,0;9,9;11690;0,130;6,2;12,2;20,9;10730;0,202;5,0;5,5;9,7;10790;0,197;5,0;7,7;13,2;10730;0,201;5,0;6,0;10,9;10900;0,189;5,5;12,9;24,0;10970;0,184;5,0;5,0;8,3;10910;0,188;7,3;16,6;29,0;10770;0,199;8,0;21,2;39,3;10960;0,185;7,1;14,8;25,0;10650;0,208;7,6;14,3;22,2;10080;0,250;5,0;10,5;19,9;11060;0,177;5,0;5,0;6,3;11050;0,178;5,0;6,7;12,4;10960;0,184;7,8;17,8;30,1;10680;0,205;5,0;7,1;11,7;10470;0,221;5,0;5,0;9,9;11400;0,152;14,0;35,2;55,2;10410;0,226;13,0;20,9;28,7;9420;0,299;5,0;5,5;11,4;11290;0,160;16,4;21,8;26,7;7760;0,422;38,3;66,8;79,9;9100;0,323
08;5,0;10,1;18,3;10870;0,191;8,9;18,3;30,2;10520;0,217;5,0;12,3;22,4;10940;0,186;5,0;11,5;20,6;10830;0,194;5,0;11,0;17,3;10200;0,241;5,0;6,5;13,0;11210;0,166;5,0;5,0;12,0;11670;0,131;6,7;14,4;23,5;10290;0,235;5,0;6,6;12,1;10930;0,187;5,0;9,9;16,3;10560;0,214;5,0;7,8;15,2;11140;0,171;5,9;16,6;32,6;11140;0,171;5,0;5,0;8,8;11180;0,168;8,3;20,3;35,1;10710;0,203;9,4;24,3;41,5;10680;0,206;7,3;17,0;29,7;10780;0,198;8,1;15,9;23,1;9520;0,292;5,5;13,2;23,8;10900;0,189;5,0;5,0;7,9;11280;0,161;5,0;8,4;16,7;11160;0,169;9,3;23,3;37,6;10600;0,211;5,0;8,7;16,4;11030;0,180;5,0;5,4;12,6;11530;0,142;17,9;44,0;67,5;10240;0,238;7,7;12,7;17,0;9260;0,311;5,0;7,0;15,0;11400;0,152;9,8;16,2;21,3;9170;0,317;36,3;71,1;85,0;9110;0,322
09;5,0;10,5;17,9;10680;0,206;7,9;15,8;25,4;10420;0,225;6,1;13,1;23,0;10740;0,201;5,6;12,4;20,6;10580;0,213;6,4;12,1;18,3;9940;0,261;5,0;7,7;13,4;10750;0,200;5,0;5,7;13,2;11500;0,145;8,1;16,3;25,9;10310;0,233;5,0;7,4;12,9;10760;0,199;5,0;8,7;15,1;10710;0,203;5,0;8,9;15,6;10770;0,199;6,2;15,6;28,4;10850;0,193;5,0;6,7;11,5;10630;0,209;8,0;18,8;32,1;10710;0,203;10,0;25,9;46,9;10850;0,193;7,6;17,5;29,5;10670;0,206;10,1;19,2;27,4;9560;0,289;6,4;13,9;24,7;10870;0,191;5,0;5,0;8,8;10870;0,191;5,0;8,6;15,0;10710;0,203;8,0;19,2;33,3;10800;0,196;5,0;7,6;13,8;10750;0,200;5,0;5,5;11,5;11320;0,158;16,6;37,1;57,9;10360;0,229;16,3;26,0;34,2;9180;0,317;5,0;6,6;14,2;11360;0,155;17,6;27,0;32,8;8110;0,396;37,5;70,0;83,2;9240;0,312
10;5,0;9,0;16,2;10870;0,191;8,8;16,7;26,5;10380;0,227;5,0;11,8;21,2;10920;0,187;5,0;10,5;19,1;10890;0,190;5,0;9,5;15,1;10330;0,231;5,0;5,2;10,6;11270;0,161;5,0;5,0;8,3;11730;0,127;5,9;11,8;19,8;10520;0,217;5,0;5,4;9,7;10790;0,197;5,0;8,0;14,3;10820;0,195;5,0;6,8;13,2;11110;0,173;7,0;17,4;31,9;10970;0,184;5,0;5,0;6,6;11200;0,166;8,1;18,8;32,6;10740;0,201;9,3;23,0;40,1;10760;0,200;6,7;13,7;23,6;10700;0,204;7,5;14,2;21,1;9710;0,277;5,0;9,8;18,7;11060;0,177;5,0;5,0;5,3;11160;0,169;5,0;7,4;14,4;11120;0,172;8,0;20,4;35,2;10770;0,199;5,9;11,4;18,1;10360;0,229;5,0;5,6;12,2;11400;0,152;16,9;40,4;63,0;10420;0,225;5,9;9,8;13,2;9550;0,289;5,0;5,2;11,7;11470;0,147;12,3;18,7;22,7;8660;0,356;38,9;70,2;84,6;9110;0,322
11;5,3;11,7;20,0;10710;0,203;9,4;19,3;31,1;10590;0,212;5,9;14,4;25,2;10770;0,199;5,8;13,4;22,8;10670;0,206;6,8;13,4;20,7;10140;0,245;5,0;8,4;14,9;10810;0,196;5,0;6,4;14,2;11430;0,150;8,0;16,2;26,1;10420;0,225;5,0;8,0;14,1;10770;0,199;5,0;11,0;18,1;10580;0,213;5,0;9,3;17,0;10920;0,188;7,5;19,2;34,8;10870;0,192;5,0;6,5;11,4;10780;0,198;8,7;21,0;35,6;10680;0,205;10,9;29,0;49,0;10690;0,204;7,9;17,9;30,5;10670;0,206;9,6;18,3;26,7;9620;0,284;6,8;14,6;25,6;10860;0,192;5,0;5,4;9,9;10910;0,188;5,0;10,3;17,9;10710;0,203;8,7;22,1;37,7;10750;0,200;5,0;9,0;17,3;11040;0,179;5,0;6,6;13,6;11300;0,159;15,5;37,5;59,1;10380;0,228;14,1;23,0;30,4;9210;0,315;5,0;7,8;15,9;11250;0,163;18,5;26,6;32,4;8140;0,394;33,6;66,0;83,0;9480;0,295
12;5,0;7,5;14,0;10980;0,183;7,3;13,1;21,4;10360;0,229;5,0;8,3;15,9;11040;0,178;5,0;8,5;15,3;10860;0,192;5,0;8,2;13,6;10580;0,213;5,0;5,5;10,6;11060;0,177;5,0;5,5;13,4;11680;0,131;6,1;12,2;21,4;10850;0,192;5,0;5,1;9,9;11100;0,174;5,0;6,8;12,5;10920;0,187;5,0;5,4;10,6;11130;0,172;5,0;11,8;22,3;11040;0,178;5,0;5,0;9,2;11010;0,181;6,6;14,8;27,2;10940;0,186;7,5;19,9;38,6;11100;0,174;6,3;13,5;24,3;10870;0,191;7,5;13,9;22,2;10390;0,227;5,0;10,7;20,7;11080;0,176;5,0;5,0;7,1;11410;0,151;5,0;6,0;11,5;11070;0,176;7,3;16,5;29,3;10860;0,192;5,0;6,7;12,4;10970;0,184;5,0;5,0;9,5;11460;0,147;13,1;32,4;51,9;10520;0,217;8,9;14,9;21,8;9760;0,274;5,0;6,1;13,5;11460;0,147;12,4;16,6;20,6;7520;0,440;40,1;65,0;77,5;8830;0,343
13;5,2;10,8;17,9;10550;0,215;9,9;17,4;26,8;10160;0,244;5,6;12,3;20,7;10640;0,209;5,8;12,5;20,1;10470;0,221;5,9;11,8;18,2;10230;0,239;5,0;7,7;13,5;10750;0,200;5,0;5,6;12,2;11400;0,152;7,2;13,1;21,0;10260;0,236;5,0;7,0;12,1;10700;0,204;5,0;9,2;15,1;10540;0,216;5,0;8,6;14,3;10590;0,212;8,6;19,8;32,7;10570;0,213;5,0;5,0;6,4;10680;0,205;9,0;19,0;31,3;10530;0,217;8,8;21,9;38,0;10740;0,201;9,1;17,2;27,0;10270;0,236;8,8;15,2;21,9;9710;0,277;5,9;11,6;20,4;10830;0,195;5,0;5,0;8,2;10930;0,187;5,0;9,7;16,0;10480;0,220;7,9;18,9;31,7;10700;0,204;6,2;12,1;19,6;10430;0,224;5,0;6,1;12,0;11120;0,173;16,1;36,7;56,6;10320;0,232;9,8;15,5;20,2;9090;0,323;5,0;8,1;15,7;11120;0,173;12,1;17,5;21,6;8330;0,380;40,9;71,8;87,2;9150;0,319
14;5,0;6,4;11,9;10960;0,185;7,1;12,9;20,6;10370;0,228;5,0;7,3;14,3;11120;0,173;5,0;7,3;13,4;10940;0,186;5,0;7,1;11,7;10540;0,216;5,0;5,0;8,0;11230;0,164;5,0;5,0;7,7;11820;0,120;5,5;10,6;17,9;10530;0,216;5,0;5,0;7,6;10950;0,185;5,0;6,0;10,9;10900;0,189;5,0;5,0;9,0;11090;0,175;5,0;9,9;20,0;11250;0,163;5,0;5,0;5,2;11020;0,180;5,6;13,0;23,8;10920;0,187;5,8;15,7;30,4;11100;0,174;5,4;10,5;17,8;10580;0,213;7,0;13,0;19,8;9750;0,275;5,0;8,8;16,5;10970;0,183;5,0;5,0;5,0;11180;0,168;5,0;5,0;9,5;11270;0,162;6,4;15,5;27,3;10820;0,195;5,0;6,3;11,3;10890;0,190;5,0;5,0;8,7;11450;0,148;13,2;32,2;51,9;10510;0,218;6,7;11,4;16,4;9770;0,273;5,0;5,0;9,7;11460;0,147;11,0;15,2;18,6;7940;0,409;37,1;67,9;81,8;9150;0,319
15;5,0;6,9;13,2;11090;0,175;6,4;11,2;18,9;10480;0,220;5,0;6,7;13,2;11120;0,173;5,0;7,8;13,7;10800;0,196;5,0;8,4;13,3;10390;0,227;5,0;5,1;11,1;11460;0,148;5,0;5,4;14,2;11720;0,128;5,6;11,7;21,8;11020;0,180;5,0;5,0;9,5;11320;0,158;5,0;5,5;10,4;11050;0,178;5,0;5,2;10,2;11120;0,173;5,0;11,9;21,2;10870;0,191;5,0;5,0;8,9;11100;0,174;5,8;13,6;26,0;11080;0,175;6,7;18,2;35,5;11110;0,173;5,4;11,7;22,1;11060;0,177;7,2;14,0;23,4;10680;0,206;5,0;9,9;20,5;11290;0,160;5,0;5,0;7,6;11590;0,138;5,0;5,8;10,7;10980;0,183;5,4;12,4;23,5;11040;0,179;s;6,2;10,8;10960;0,185;5,0;5,0;8,0;11400;0,151;13,0;34,6;57,6;10640;0,209;8,0;14,3;20,5;9890;0,264;5,0;5,8;14,2;11660;0,132;15,7;20,2;25,5;7410;0,448;40,0;66,8;79,5;8930;0,336
16;5,0;8,1;14,6;10850;0,193;7,6;14,5;23,5;10330;0,231;5,0;9,3;17,4;11020;0,180;5,0;9,0;16,0;10760;0,199;5,0;9,0;14,2;10190;0,241;5,0;5,8;10,7;10950;0,185;5,0;5,0;12,1;11640;0,134;6,0;12,2;20,5;10610;0,210;5,0;5,5;10,1;10900;0,189;5,0;6,9;12,3;10830;0,194;5,0;6,1;11,3;10990;0,183;6,3;15,4;28,6;10930;0,187;5,0;5,0;8,3;10920;0,187;7,0;16,8;29,9;10800;0,196;10,1;26,2;44,8;10660;0,207;5,7;12,9;23,6;10920;0,188;7,3;13,9;21,0;9810;0,270;5,0;10,9;20,1;10980;0,183;5,0;5,0;7,3;11040;0,179;5,0;6,4;11,8;10880;0,190;6,5;16,4;29,8;10940;0,186;5,0;9,7;16,7;10710;0,203;5,0;5,0;9,7;11420;0,150;12,4;31,5;51,6;10550;0,215;11,1;16,7;21,7;8890;0,339;5,0;5,9;12,6;11400;0,152;16,0;23,2;27,9;8150;0,393;36,9;66,6;82,9;9260;0,311
17;5,0;6,7;12,4;10970;0,184;6,4;12,2;20,7;10570;0,214;5,0;7,9;14,9;11040;0,178;5,0;7,7;14,1;10940;0,186;5,0;8,1;13,2;10390;0,227;5,0;5,0;8,7;11080;0,175;5,0;5,0;9,6;11650;0,133;5,4;10,9;18,9;10780;0,198;5,0;5,0;8,4;11010;0,181;5,0;6,4;11,5;10840;0,193;5,0;5,1;10,0;11150;0,170;5,0;10,6;20,8;11150;0,170;5,0;5,0;7,4;10970;0,184;5,3;12,8;23,7;10970;0,184;6,4;18,5;35,4;11070;0,176;5,0;10,8;19,6;10900;0,189;6,8;12,4;19,4;10080;0,250;5,0;9,8;18,6;11030;0,179;5,0;5,0;5,5;11200;0,167;5,0;5,3;10,2;11120;0,173;6,1;14,9;27,0;10940;0,186;5,0;6,1;11,0;10840;0,193;5,0;5,0;8,9;11470;0,147;11,6;28,7;47,9;10650;0,208;7,9;12,9;17,8;9380;0,302;5,0;5,0;10,1;11450;0,148;12,6;18,0;21,8;7930;0,410;35,6;64,3;79,1;9250;0,312
18;5,0;7,7;14,0;10900;0,189;6,7;14,0;23,4;10590;0,212;5,0;9,8;17,8;10870;0,191;5,0;9,1;16,4;10890;0,189;5,0;8,4;13,6;10400;0,226;5,0;5,1;9,8;11100;0,174;5,0;5,0;9,3;11700;0,130;5,2;10,7;18,4;10720;0,203;5,0;5,0;8,6;10950;0,185;5,0;7,3;12,6;10700;0,204;5,0;6,3;12,0;11050;0,178;5,2;14,3;27,1;11050;0,177;5,0;5,0;7,1;10990;0,182;6,9;17,3;30,7;10830;0,195;7,8;22,2;39,8;10880;0,190;6,3;13,9;24,5;10770;0,199;6,6;12,7;19,7;9930;0,261;5,0;9,1;17,5;11040;0,178;5,0;5,0;5,5;11180;0,168;5,0;6,7;12,5;10980;0,183;6,7;17,7;31,0;10820;0,195;5,0;7,2;13,9;11090;0,175;5,0;5,0;9,6;11430;0,150;15,0;36,8;59,1;10420;0,225;8,6;14,9;20,2;9450;0,297;5,0;5,0;10,9;11480;0,146;14,0;19,5;24,8;8380;0,376;32,7;66,1;82,4;9410;0,300
19;5,0;6,9;13,1;11030;0,179;6,7;12,2;21,0;10600;0,211;5,0;8,4;16,1;11010;0,181;5,0;7,7;14,4;11020;0,180;5,0;7,9;12,8;10440;0,223;5,0;5,0;9,6;11270;0,161;5,0;5,0;11,7;11670;0,132;5,2;10,2;18,7;10960;0,185;5,0;5,0;9,1;11070;0,176;5,0;5,8;10,9;10990;0,183;5,0;5,6;10,7;11080;0,175;5,3;12,6;24,7;11140;0,171;5,0;5,0;8,2;10990;0,182;6,0;13,4;25,8;11070;0,176;6,9;18,7;37,2;11180;0,168;5,7;11,5;21,6;10980;0,183;6,9;12,0;19,3;10380;0,228;5,0;8,9;18,4;11300;0,160;5,0;5,0;6,6;11280;0,161;5,0;5,9;11,4;11090;0,175;6,6;14,3;26,3;10910;0,189;5,0;5,8;11,5;11140;0,171;5,0;5,0;9,4;11470;0,146;15,0;32,8;52,7;10420;0,224;11,1;16,6;23,2;9250;0,312;5,0;5,3;11,8;11500;0,144;14,9;19,4;25,0;7420;0,448;38,2;60,8;76,2;8890;0,339
21;5,0;6,3;11,5;10930;0,187;7,4;13,3;20,8;10210;0,240;5,0;7,2;13,3;10970;0,183;5,0;6,8;13,0;11000;0,181;5,0;6,7;11,1;10660;0,207;5,0;5,0;7,8;11190;0,167;5,0;5,0;7,4;11650;0,133;5,2;9,6;16,1;10540;0,216;5,0;5,0;7,2;10960;0,184;5,0;5,6;10,0;10890;0,190;5,0;5,0;8,9;11100;0,174;5,0;10,8;21,4;11180;0,168;5,0;5,0;5,1;11060;0,177;6,0;13,8;24,8;10890;0,190;6,4;17,7;34,1;11100;0,174;5,7;10,7;17,6;10490;0,220;6,2;11,0;17,0;9910;0,263;5,0;8,5;15,4;10870;0,191;5,0;5,0;5,0;11190;0,168;5,0;5,1;10,0;11160;0,170;5,4;13,8;24,5;10890;0,189;5,0;6,9;12,6;10890;0,190;5,0;5,0;8,5;11450;0,148;12,5;32,5;53,2;10630;0,209;7,8;13,0;17,7;9430;0,299;5,0;5,0;9,5;11330;0,157;11,6;16,2;19,5;8250;0,386;41,1;71,2;83,2;8990;0,331
22;5,0;6,6;12,1;10940;0,186;5,9;11,8;19,9;10660;0,207;5,0;7,8;14,8;11090;0,175;5,0;7,4;13,6;10920;0,188;5,0;7,9;12,6;10240;0,238;5,0;5,0;8,2;11040;0,178;5,0;5,0;9,7;11720;0,128;5,7;11,0;18,8;10700;0,204;5,0;5,0;8,2;10930;0,187;5,0;6,7;12,0;10830;0,194;5,0;5,0;9,3;11070;0,176;5,0;8,7;17,6;11210;0,166;5,0;5,0;7,3;11040;0,178;6,7;15,1;27,0;10840;0,194;8,7;22,0;39,3;10830;0,194;6,0;12,5;22,4;10840;0,193;7,3;13,3;20,6;10030;0,253;5,0;9,2;17,4;11030;0,179;5,0;5,0;5,2;11250;0,163;5,0;5,0;9,5;11180;0,168;6,9;16,2;28,5;10820;0,195;5,0;7,0;12,2;10700;0,204;5,0;5,0;8,9;11470;0,147;14,8;33,2;53,1;10400;0,226;6,0;10,7;15,2;9730;0,276;5,0;5,0;9,9;11430;0,150;16,1;21,0;25,5;7520;0,441;39,5;66,9;79,1;8970;0,333
23;5,2;10,5;18,3;10790;0,197;8,5;15,9;25,1;10320;0,232;6,0;12,6;22,1;10730;0,201;6,4;12,6;20,9;10400;0,226;7,3;12,6;18,8;9840;0,268;5,0;7,7;14,0;10950;0,185;5,0;7,0;17,0;11620;0,135;7,2;14,7;25,2;10870;0,191;5,0;7,3;13,2;10880;0,190;5,0;9,0;14,8;10340;0,230;5,0;9,0;15,5;10770;0,199;8,5;18,4;33,7;10870;0,191;5,0;7,8;13,6;10770;0,198;8,3;18,5;32,6;10800;0,196;9,6;23,3;39,9;10750;0,200;7,7;16,5;29,6;10840;0,194;9,3;17,8;27,7;10350;0,230;5,5;12,2;23,2;11060;0,177;5,0;5,8;10,9;10990;0,183;5,0;9,3;16,5;10770;0,199;8,9;18,3;30,4;10470;0,221;5,6;9,6;16,6;10630;0,209;5,0;5,7;11,9;11300;0,159;20,3;39,9;59,7;10060;0,251;13,9;21,9;28,9;9140;0,320;5,0;7,7;16,7;11390;0,152;23,3;30,5;38,1;7610;0,434;42,9;71,2;82,7;8880;0,339
24;5,0;9,1;16,1;10800;0,196;7,8;14,5;24,4;10530;0,217;5,0;10,5;19,0;10870;0,191;5,2;10,7;18,3;10650;0,207;6,2;11,0;16,8;9960;0,259;5,0;6,6;12,2;10930;0,186;5,0;5,9;13,8;11560;0,140;7,0;13,7;23,4;10720;0,203;5,0;6,4;11,5;10780;0,198;5,0;8,0;13,6;10650;0,208;5,0;7,3;13,7;11020;0,180;6,5;15,3;27,5;10840;0,194;5,0;6,1;10,8;10790;0,197;7,3;16,7;29,7;10810;0,195;8,0;21,8;40,3;10940;0,186;7,1;15,3;26,6;10740;0,201;8,7;15,9;24,5;10100;0,249;5,8;12,2;22,6;10980;0,183;5,0;5,0;8,7;10990;0,182;5,0;7,6;13,8;10860;0,192;7,8;17,7;30,5;10760;0,200;5,0;8,5;14,7;10590;0,212;5,0;5,0;10,7;11390;0,152;15,2;35,7;55,4;10380;0,228;16,1;23,9;31,2;8810;0,345;5,0;6,4;13,8;11390;0,152;19,7;25,2;29,9;6930;0,484;38,8;66,5;80,5;9080;0,324
25;5,0;6,6;12,2;10940;0,186;7,7;13,8;21,3;10240;0,238;5,0;7,7;13,9;10910;0,188;5,0;7,5;13,7;10970;0,184;5,0;6,4;11,1;10720;0,202;5,0;5,0;8,4;11380;0,154;5,0;5,0;8,2;11780;0,123;5,0;9,7;16,6;10620;0,210;5,0;5,0;7,5;11060;0,177;5,0;5,6;10,2;10870;0,192;5,0;5,0;8,9;11120;0,173;5,0;12,0;22,2;11010;0,181;5,0;5,0;5,0;11270;0,161;6,3;15,1;26,7;10850;0,192;8,1;22,6;40,7;10910;0,188;5,0;10,0;17,2;10730;0,202;6,0;11,1;17,2;9850;0,267;5,0;8,5;16,1;11020;0,180;5,0;5,0;5,0;11290;0,160;5,0;5,6;10,7;11050;0,178;5,6;14,6;25,9;10900;0,189;5,0;6,6;12,2;10990;0,182;5,0;5,0;8,1;11430;0,149;11,1;31,2;51,5;10630;0,209;6,2;11,0;15,6;9890;0,264;5,0;5,0;10,3;11510;0,144;12,6;18,7;22,9;8450;0,371;34,9;68,2;82,2;9270;0,311
26;5,0;7,8;14,4;10960;0,184;6,1;12,2;20,4;10590;0,212;5,0;8,8;17,2;11130;0,172;5,0;9,2;17,1;10960;0,185;5,0;8,7;14,3;10510;0,218;5,0;5,5;10,4;11030;0,180;5,0;5,0;9,5;11620;0,136;5,6;11,0;19,3;10730;0,202;5,0;5,3;9,5;10870;0,191;5,0;7,3;13,0;10820;0,195;5,0;6,1;11,7;11090;0,175;5,0;12,3;24,2;11150;0,170;5,0;5,0;7,3;10990;0,182;6,5;15,4;28,4;10960;0,185;7,4;20,1;39,4;11140;0,171;6,0;13,0;22,9;10810;0,196;6,8;12,5;19,7;10020;0,255;5,0;9,9;18,9;11070;0,176;5,0;5,0;6,0;11050;0,178;5,0;6,8;13,2;11130;0,172;6,8;16,6;29,6;10860;0,192;5,0;7,0;12,5;10870;0,191;5,0;5,0;10,4;11480;0,146;13,5;33,2;54,3;10570;0,214;11,1;18,3;25,1;9400;0,301;5,0;5,5;11,8;11370;0,154;13,0;18,1;21,9;8000;0,405;36,8;67,8;81,9;9160;0,318
27;5,0;6,6;12,3;10960;0,185;5,1;11,0;19,2;10720;0,202;5,0;8,1;15,3;11030;0,179;5,0;7,6;13,9;10910;0,188;5,0;6,9;11,7;10620;0,210;5,0;5,0;8,2;11120;0,173;5,0;5,0;7,5;11610;0,136;5,0;9,4;16,3;10710;0,203;5,0;5,0;7,5;10900;0,189;5,0;6,0;10,8;10890;0,190;5,0;5,0;9,4;11070;0,176;5,0;11,9;22,9;11070;0,176;5,0;5,0;5,5;11130;0,172;6,2;14,9;26,9;10890;0,190;7,6;19,8;35,9;10910;0,188;5,0;10,4;18,5;10840;0,193;6,3;11,1;17,1;9810;0,270;5,0;8,1;15,6;11070;0,176;5,0;5,0;5,0;11140;0,171;5,0;5,3;10,6;11200;0,166;6,2;15,9;27,8;10810;0,195;5,0;8,6;14,7;10710;0,203;5,0;5,0;9,0;11440;0,149;13,1;32,4;53,9;10540;0,216;7,9;12,5;17,2;9290;0,309;5,0;5,0;9,7;11380;0,154;10,7;15,1;19,2;8450;0,371;36,9;67,4;82,5;9210;0,314
28;5,0;6,5;11,8;10930;0,187;5,1;10,6;17,7;10640;0,208;5,0;7,7;14,7;11060;0,177;5,0;7,8;13,9;10850;0,193;5,0;6,6;11,4;10600;0,212;5,0;5,0;8,0;11000;0,181;5,0;5,0;7,2;11660;0,133;5,0;8,7;14,8;10600;0,211;5,0;5,0;6,9;10910;0,188;5,0;5,7;10,0;10830;0,194;5,0;5,0;9,5;11050;0,178;5,0;11,6;22,0;11030;0,179;5,0;5,0;5,4;11090;0,175;6,5;14,9;26,6;10840;0,193;7,5;19,0;34,7;10940;0,186;5,5;10,9;18,7;10660;0,207;6,1;10,4;16,0;9750;0,275;5,0;7,4;13,9;11020;0,180;5,0;5,0;5,0;11150;0,171;5,0;5,6;10,8;11090;0,175;6,3;14,9;26,6;10860;0,192;5,0;8,0;13,2;10560;0,215;5,0;5,0;8,7;11430;0,150;15,0;36,7;58,0;10400;0,226;7,4;11,2;15,6;9260;0,311;5,0;5,0;9,1;11390;0,152;12,0;18,0;21,7;8500;0,368;46,2;73,5;86,7;8740;0,350
29;5,0;6,0;11,0;10890;0,189;7,6;13,0;20,3;10120;0,247;5,0;7,0;12,9;10940;0,186;5,0;6,6;12,1;10880;0,190;5,0;6,7;11,1;10460;0,222;5,0;5,0;7,4;11170;0,169;5,0;5,0;8,2;11710;0,129;5,7;10,7;18,0;10540;0,216;5,0;5,0;7,4;10870;0,191;5,0;5,8;10,3;10830;0,194;5,0;5,0;7,6;11220;0,165;5,0;8,1;15,8;11130;0,172;5,0;5,0;6,0;11050;0,178;6,7;14,8;26,0;10770;0,199;7,5;19,4;35,5;10920;0,187;6,3;12,1;20,5;10550;0,215;7,1;12,8;19,6;9840;0,268;5,0;9,1;16,8;10970;0,184;5,0;5,0;5,0;11130;0,172;5,0;5,0;7,9;11220;0,165;6,3;14,8;26,0;10820;0,195;5,0;7,4;12,6;10550;0,215;5,0;5,0;7,8;11390;0,153;12,9;29,7;48,8;10510;0,218;5,7;9,7;14,4;9780;0,272;5,0;5,0;9,0;11430;0,150;13,9;19,2;22,9;7180;0,466;37,3;63,9;77,5;9090;0,324
2A;5,0;9,7;16,3;10680;0,205;6,8;12,2;20,3;10630;0,209;5,0;9,9;17,2;10810;0,196;5,5;10,4;17,1;10460;0,222;5,2;9,4;15,3;10280;0,235;5,0;8,5;14,8;10820;0,195;5,0;10,1;17,3;10880;0,191;7,6;14,0;21,7;10540;0,216;5,0;8,2;13,9;10540;0,216;5,0;7,4;13,0;10700;0,204;5,0;7,5;12,5;10600;0,211;5,1;13,3;25,1;11020;0,180;5,0;6,0;9,7;10450;0,222;7,1;14,6;25,2;10790;0,197;6,3;15,1;30,8;11270;0,161;7,3;14,4;23,6;10590;0,212;8,8;15,1;21,7;9880;0,265;6,7;13,2;21,6;10810;0,196;5,0;6,9;11,8;10600;0,211;5,0;8,0;14,1;10800;0,196;7,3;14,1;23,7;10590;0,212;5,0;6,4;12,3;10970;0,184;5,0;5,0;9,9;11310;0,158;15,3;32,0;48,8;10250;0,237;13,5;21,7;28,8;9170;0,318;5,0;10,6;19,1;10960;0,185;12,4;16,2;21,0;7580;0,436;48,7;68,7;78,3;7350;0,453
2B;6,3;12,0;20,1;10600;0,211;10,2;17,5;26,9;10070;0,251;6,4;12,3;21,7;10730;0,202;6,7;13,6;22,7;10570;0,213;6,9;12,3;19,4;10220;0,240;5,5;10,4;17,1;10600;0,211;5,4;11,1;19,6;10910;0,189;9,5;17,1;26,2;10300;0,233;5,4;10,1;17,1;10530;0,216;5,1;10,1;16,8;10590;0,212;5,0;9,0;16,0;10800;0,196;7,9;16,6;30,0;10840;0,194;5,0;7,5;12,2;10470;0,221;9,2;18,3;30,8;10670;0,206;7,6;18,7;34,9;10970;0,184;9,6;18,1;29,6;10510;0,218;10,9;18,1;25,7;9720;0,277;8,5;16,3;26,5;10710;0,203;5,0;8,3;14,2;10630;0,209;5,0;9,9;17,6;10800;0,196;8,8;17,8;29,6;10520;0,217;5,0;8,4;14,1;10530;0,217;5,0;6,1;12,7;11330;0,157;15,9;35,7;54,8;10340;0,231;16,3;23,4;30,8;8660;0,356;5,7;12,4;21,8;10890;0,190;14,6;19,6;23,8;7650;0,431;44,1;67,4;78,0;8160;0,393
30;5,1;11,4;19,4;10660;0,207;9,0;17,9;28,7;10460;0,222;5,0;12,9;22,8;10850;0,192;5,5;13,2;22,2;10610;0,210;6,3;12,8;19,5;10130;0,246;5,0;8,9;15,3;10680;0,206;5,0;5,9;13,1;11450;0,148;7,7;15,3;24,7;10300;0,234;5,0;7,8;13,4;10700;0,204;5,0;10,0;16,6;10590;0,212;5,0;8,8;15,4;10730;0,202;7,4;19,9;34,5;10790;0,197;5,0;5,4;9,4;10750;0,200;9,0;21,4;35,7;10620;0,210;11,0;29,1;48,9;10680;0,205;8,2;18,1;30,0;10580;0,213;9,3;17,8;25,6;9640;0,283;6,5;13,5;24,0;10840;0,194;5,0;5,2;9,4;10830;0,194;5,0;10,4;17,9;10670;0,206;8,4;21,0;35,5;10750;0,200;5,0;10,2;17,3;10620;0,210;5,0;6,4;13,3;11290;0,160;16,3;39,0;59,1;10240;0,238;12,3;20,7;27,8;9390;0,302;5,0;8,5;16,4;11100;0,174;15,4;23,3;27,9;8410;0,374;35,5;69,8;85,3;9370;0,302
31;5,0;7,7;13,3;10720;0,202;10,7;16,9;24,5;9620;0,284;5,0;8,0;14,3;10840;0,193;5,0;7,6;13,8;10880;0,191;5,0;7,1;12,0;10580;0,213;5,0;5,0;9,3;10940;0,186;5,0;5,0;9,9;11450;0,148;7,4;12,7;19,5;9850;0,267;5,0;5,1;9,1;10800;0,196;5,0;6,1;10,7;10800;0,196;5,0;5,0;9,4;10980;0,183;5,1;13,1;24,3;10970;0,184;5,0;5,0;5,0;10870;0,191;7,0;14,8;25,6;10670;0,206;7,8;20,4;37,7;10960;0,185;6,6;12,1;19,6;10330;0,232;8,2;13,8;19,7;9560;0,289;6,8;11,7;19,2;10360;0,229;5,0;5,0;5,8;10850;0,193;5,0;5,7;10,7;10950;0,185;5,8;14,1;25,5;10910;0,188;5,0;8,7;14,8;10590;0,212;5,0;5,0;8,7;11290;0,160;11,6;28,7;48,4;10640;0,208;9,3;15,7;21,7;9520;0,292;5,0;6,5;12,6;11100;0,174;11,7;16,4;20,3;8040;0,402;39,2;67,0;81,5;9110;0,322
32;5,0;8,4;15,0;10830;0,194;8,1;14,3;22,7;10220;0,240;5,0;9,3;16,8;10780;0,198;5,0;9,2;16,1;10720;0,203;5,1;9,4;14,6;10120;0,247;5,0;6,5;11,9;10930;0,186;5,0;6,5;15,4;11550;0,140;6,7;13,3;23,7;10900;0,189;5,0;5,8;10,8;11000;0,181;5,0;7,8;13,0;10530;0,216;5,0;6,0;11,2;10910;0,188;6,5;14,1;24,9;10740;0,201;5,0;5,5;10,0;10860;0,192;7,2;15,8;28,1;10800;0,196;8,7;22,8;40,5;10810;0,196;6,8;14,0;24,9;10800;0,197;8,0;15,1;24,3;10450;0,223;5,6;11,9;23,2;11120;0,172;5,0;5,0;8,5;11130;0,172;5,0;7,0;12,6;10780;0,198;7,0;15,5;27,3;10770;0,199;5,0;7,5;11,6;10190;0,242;5,0;5,1;10,1;11200;0,167;11,6;29,9;50,9;10620;0,209;10,6;17,1;23,2;9460;0,296;5,0;6,8;14,6;11410;0,151;14,7;20,1;25,7;8120;0,396;40,5;66,3;79,7;8900;0,338
33;5,0;7,1;12,4;10760;0,200;9,1;14,8;22,1;9830;0,269;5,0;7,6;13,7;10860;0,192;5,0;7,5;13,2;10800;0,197;5,0;7,3;12,0;10450;0,223;5,0;5,0;8,9;11010;0,181;5,0;5,0;9,1;11530;0,142;6,6;11,6;18,5;10190;0,242;5,0;5,0;8,5;10780;0,198;5,0;5,8;10,4;10840;0,193;5,0;5,1;9,4;10950;0,185;5,1;12,1;22,0;10910;0,188;5,0;5,0;5,7;10830;0,194;6,3;13,3;23,1;10730;0,201;6,5;16,7;31,2;11000;0,181;6,2;11,4;18,7;10380;0,228;7,6;12,9;19,0;9700;0,278;5,8;10,6;18,1;10670;0,206;5,0;5,0;5,4;10950;0,185;5,0;5,5;10,1;10900;0,189;6,0;13,8;24,5;10850;0,192;5,0;8,1;14,0;10700;0,204;5,0;5,0;8,7;11260;0,162;11,6;27,9;46,3;10570;0,213;9,0;15,0;20,3;9380;0,302;5,0;5,6;11,2;11210;0,166;11,6;15,7;19,6;7910;0,411;41,6;68,6;81,0;8860;0,341
34;5,4;11,1;18,7;10630;0,209;12,6;20,6;30,8;9880;0,265;5,3;12,3;21,5;10800;0,196;5,6;12,3;21,1;10680;0,206;6,0;12,0;18,8;10230;0,239;5,0;7,9;13,8;10760;0,199;5,0;6,0;12,4;11320;0,157;8,5;15,4;23,9;10070;0,250;5,0;7,5;13,0;10670;0,206;5,0;9,5;16,0;10580;0,213;5,0;8,4;15,0;10830;0,194;7,8;18,9;33,2;10810;0,196;5,0;5,2;8,9;10710;0,203;8,9;19,2;32,3;10600;0,211;9,0;23,7;42,4;10840;0,193;8,9;17,4;28,1;10430;0,224;10,1;17,6;25,4;9570;0,288;7,3;13,7;22,9;10560;0,214;5,0;5,0;8,8;10780;0,198;5,0;9,9;17,3;10750;0,200;8,2;19,1;32,6;10720;0,202;5,0;10,0;17,0;10640;0,208;5,0;6,4;13,0;11230;0,164;15,2;35,8;55,6;10350;0,230;11,6;18,8;25,7;9330;0,306;5,0;8,1;15,4;11040;0,178;14,6;20,7;25,9;8280;0,384;37,8;66,9;81,7;9180;0,317
35;5,0;5,8;10,7;10940;0,186;7,7;13,3;20,6;10120;0,247;5,0;6,4;12,2;11060;0,177;5,0;6,0;11,2;10990;0,182;5,0;5,6;9,7;10650;0,208;5,0;5,0;7,0;11250;0,163;5,0;5,0;7,8;11790;0,123;5,8;10,4;17,3;10400;0,226;5,0;5,0;7,2;10970;0,184;5,0;5,3;9,8;11010;0,181;5,0;5,0;7,1;11190;0,167;5,0;8,7;16,9;11120;0,173;5,0;5,0;5,0;11280;0,161;6,3;13,8;24,5;10810;0,196;7,8;19,8;36,4;10950;0,185;5,2;9,8;16,6;10570;0,213;6,8;12,0;18,3;9810;0,270;5,0;9,1;16,4;10850;0,193;5,0;5,0;5,0;11180;0,168;5,0;5,0;7,8;11230;0,164;5,7;14,4;26,2;10950;0,185;5,0;8,9;14,9;10560;0,214;5,0;5,0;7,7;11340;0,156;11,5;27,9;48,0;10730;0,202;5,1;9,3;13,8;9890;0,264;5,0;5,0;9,2;11440;0,149;10,3;14,8;18,8;8290;0,383;37,6;64,0;78,0;9090;0,324
36;5,0;7,9;14,6;10940;0,186;6,7;14,5;23,9;10620;0,210;5,0;11,0;19,4;10790;0,198;5,0;9,3;16,8;10860;0,192;5,0;8,4;14,4;10580;0,213;5,0;5,3;10,3;11120;0,173;5,0;5,0;10,6;11580;0,138;5,4;10,8;19,3;10900;0,189;5,0;5,0;8,7;10990;0,182;5,0;7,4;13,2;10840;0,193;5,0;6,5;12,5;11090;0,175;6,6;16,7;30,6;10940;0,186;5,0;5,0;8,2;11030;0,179;6,9;16,7;30,0;10870;0,191;8,0;21,0;37,6;10870;0,191;6,0;13,2;23,7;10880;0,190;6,9;13,0;21,1;10460;0,222;5,0;9,0;17,9;11180;0,168;5,0;5,0;5,8;11250;0,163;5,0;7,0;13,4;11030;0,179;6,8;17,7;30,7;10790;0,197;5,0;9,2;15,6;10780;0,198;5,0;5,0;10,4;11400;0,152;15,7;36,6;58,5;10420;0,224;9,4;15,7;21,3;9470;0,295;5,0;5,2;11,7;11490;0,145;16,6;22,6;27,6;7430;0,447;34,6;63,2;78,1;9110;0,322
37;5,0;6,9;12,4;10850;0,193;8,3;14,6;22,8;10210;0,240;5,0;8,3;14,8;10880;0,191;5,0;7,5;13,3;10800;0,196;5,0;7,2;12,0;10520;0,218;5,0;5,0;8,4;11190;0,168;5,0;5,0;8,1;11750;0,126;6,0;11,0;18,5;10470;0,221;5,0;5,0;7,7;10960;0,185;5,0;6,2;11,0;10850;0,193;5,0;5,0;8,9;11080;0,176;5,2;12,5;22,3;10880;0,191;5,0;5,0;5,0;11150;0,171;7,0;15,4;26,6;10730;0,202;8,4;20,5;36,5;10850;0,193;5,6;10,6;17,4;10440;0,223;7,5;13,0;20,2;9780;0,273;5,0;9,4;17,2;10910;0,189;5,0;5,0;5,0;11230;0,165;5,0;5,2;9,8;11040;0,178;6,3;15,8;27,7;10840;0,193;5,2;10,2;15,7;10290;0,234;5,0;5,0;8,9;11300;0,159;14,1;34,2;55,3;10500;0,219;6,6;11,3;16,2;9650;0,282;5,0;5,0;9,5;11500;0,144;14,2;21,2;25,7;8560;0,363;42,2;71,8;84,6;8970;0,333
38;5,0;6,2;11,3;10920;0,187;7,5;12,7;19,8;10150;0,245;5,0;7,3;13,6;10960;0,185;5,0;6,8;12,6;10970;0,184;5,0;5,9;10,4;10760;0,200;5,0;5,0;7,5;11160;0,169;5,0;5,0;7,8;11580;0,138;5,4;9,7;16,0;10400;0,226;5,0;5,0;7,3;10920;0,187;5,0;5,3;9,9;10930;0,187;5,0;5,0;8,1;11020;0,180;5,0;10,4;20,2;11110;0,173;5,0;5,0;5,0;11060;0,177;6,0;13,7;24,6;10870;0,191;6,9;18,3;34,8;11040;0,178;5,4;9,9;16,5;10520;0,217;6,2;10,8;16,2;9740;0,276;5,0;8,8;15,9;10890;0,190;5,0;5,0;5,0;11130;0,172;5,0;5,1;9,7;11060;0,177;5,2;13,1;24,1;10960;0,184;5,0;6,5;11,8;10900;0,189;5,0;5,0;7,9;11460;0,147;11,9;30,6;50,2;10570;0,214;8,1;14,2;20,4;9740;0,275;5,0;5,0;10,0;11250;0,163;11,2;15,5;19,0;8030;0,403;41,2;71,2;84,2;9030;0,328
39;5,0;5,9;11,2;11020;0,180;5,6;10,3;16,6;10460;0,221;5,0;7,2;13,5;11070;0,177;5,0;7,0;12,9;10930;0,187;5,0;6,0;10,7;10760;0,199;5,0;5,0;8,2;11230;0,164;5,0;5,0;9,0;11740;0,127;5,0;9,1;16,8;10940;0,186;5,0;5,0;7,2;10940;0,186;5,0;5,7;10,4;10930;0,187;5,0;5,0;8,7;11110;0,173;5,0;9,2;18,6;11240;0,164;5,0;5,0;6,0;11110;0,173;5,5;13,0;24,2;10980;0,183;7,7;19,1;36,1;11040;0,178;5,0;9,8;18,0;10910;0,188;5,6;10,4;17,3;10490;0,219;5,0;8,0;16,4;11250;0,163;5,0;5,0;5,0;11130;0,172;5,0;5,0;9,6;11210;0,166;5,0;13,6;24,0;10910;0,188;5,0;5,6;10,3;10920;0,187;5,0;5,0;8,0;11460;0,147;12,0;30,3;48,8;10520;0,218;7,4;12,8;17,6;9540;0,290;5,0;5,0;10,1;11520;0,143;14,1;18,6;22,8;7710;0,426;36,5;64,4;79,0;9100;0,323
40;5,0;6,1;11,4;10980;0,183;5,0;10,1;18,0;10820;0,195;5,0;7,0;13,5;11110;0,174;5,0;7,1;13,0;10890;0,189;5,0;7,0;11,6;10500;0,219;5,0;5,0;8,3;11180;0,168;5,0;5,0;9,3;11600;0,137;5,3;10,3;18,3;10840;0,193;5,0;5,0;8,0;10960;0,184;5,0;5,5;10,2;10990;0,182;5,0;5,0;9,1;11100;0,174;5,0;9,4;18,8;11210;0,166;5,0;5,0;6,6;10910;0,189;5,0;11,9;22,6;11050;0,178;6,1;18,0;35,4;11160;0,169;5,0;10,2;19,1;10970;0,184;6,2;11,3;17,8;10210;0,241;5,0;9,5;18,6;11120;0,173;5,0;5,0;5,0;11210;0,166;5,0;5,0;9,5;11130;0,172;6,0;14,0;25,2;10910;0,188;5,0;5,0;9,0;11230;0,165;5,0;5,0;8,1;11430;0,149;11,3;26,5;45,3;10750;0,200;8,5;13,9;19,7;9600;0,285;5,0;5,0;10,0;11410;0,151;12,9;16,7;20,4;7390;0,450;37,9;64,2;77,5;9040;0,328
41;5,0;6,7;12,5;10960;0,184;6,3;11,5;19,3;10410;0,225;5,0;9,0;16,8;10950;0,185;5,0;8,2;15,2;10920;0,188;5,0;7,1;12,0;10490;0,220;5,0;5,0;8,2;11180;0,168;5,0;5,0;7,5;11710;0,129;5,0;9,2;16,2;10790;0,197;5,0;5,0;7,2;11020;0,180;5,0;5,7;10,7;10980;0,183;5,0;5,4;10,2;10980;0,183;5,3;13,7;26,0;11040;0,179;5,0;5,0;6,1;11130;0,171;6,8;15,7;28,3;10850;0,193;8,7;21,7;39,8;10900;0,189;5,2;10,9;19,2;10800;0,196;6,4;11,2;17,8;10110;0,248;5,0;7,6;14,8;11110;0,173;5,0;5,0;5,0;11330;0,157;5,0;6,1;11,8;11100;0,174;5,9;14,9;26,7;10850;0,192;5,0;9,2;15,6;10680;0,206;5,0;5,0;9,8;11420;0,150;14,6;34,1;55,6;10520;0,217;8,0;13,0;17,2;9240;0,312;5,0;5,0;8,8;11490;0,145;13,5;19,8;24,0;8370;0,377;38,9;68,6;82,8;9090;0,323
42;5,0;8,3;15,0;10870;0,191;9,2;16,2;25,2;10150;0,244;5,0;9,9;17,8;10900;0,189;5,0;9,9;17,5;10820;0,195;5,0;8,6;14,6;10590;0,212;5,0;5,0;9,9;11290;0,160;5,0;5,0;9,3;11730;0,127;5,6;10,7;18,7;10680;0,206;5,0;5,0;9,0;10950;0,185;5,0;7,5;13,4;10830;0,194;5,0;6,2;11,7;11020;0,180;6,2;15,3;27,6;10870;0,191;5,0;5,0;6,3;11190;0,167;7,9;17,8;31,0;10750;0,200;8,1;21,1;38,3;10890;0,189;7,8;15,3;25,7;10570;0,213;6,9;12,7;19,8;9910;0,263;5,0;9,2;17,9;11090;0,175;5,0;5,0;6,0;11130;0,172;5,0;7,7;14,2;10930;0,187;6,8;17,1;30,5;10900;0,189;5,0;10,1;16,8;10600;0,211;5,0;5,0;10,6;11470;0,147;15,4;38,8;59,3;10350;0,230;9,6;16,8;23,1;9610;0,285;5,0;5,3;11,6;11450;0,148;13,7;20,4;24,7;8500;0,368;38,4;69,0;83,5;9190;0,316
43;5,0;6,1;11,9;11110;0,173;5,5;10,8;17,5;10340;0,230;5,0;6,6;12,7;11100;0,174;5,0;6,7;12,9;11070;0,176;5,0;6,8;11,7;10690;0,205;5,0;5,0;9,2;11370;0,154;5,0;5,0;11,6;11770;0,124;5,2;10,5;19,4;11000;0,181;5,0;5,0;8,4;11150;0,170;5,0;5,6;10,7;11110;0,173;5,0;5,0;8,4;11100;0,174;5,0;8,7;17,8;11240;0,163;5,0;5,0;7,7;11180;0,168;5,5;13,0;24,7;11000;0,181;6,3;17,6;34,6;11180;0,168;5,3;11,7;21,7;10920;0,187;6,8;12,6;20,9;10530;0,216;5,0;8,6;18,1;11370;0,154;5,0;5,0;5,8;11290;0,160;5,0;5,0;9,4;11230;0,165;5,7;14,2;26,3;10980;0,183;5,0;5,2;10,2;11170;0,169;5,0;5,0;7,4;11620;0,135;11,5;29,1;48,7;10650;0,207;8,1;14,7;22,1;10100;0,248;5,0;5,1;11,8;11570;0,139;13,4;18,4;23,7;8230;0,388;35,4;62,1;74,7;9080;0,324
44;5,0;5,4;10,0;10950;0,185;5,9;10,6;16,9;10330;0,231;5,0;6,0;11,1;10990;0,182;5,0;5,8;10,5;10920;0,188;5,0;5,6;9,4;10640;0,208;5,0;5,0;6,9;11290;0,160;5,0;5,0;7,5;11860;0,118;5,0;9,1;15,7;10690;0,205;5,0;5,0;6,5;11030;0,179;5,0;5,1;9,4;10940;0,186;5,0;5,0;6,7;11120;0,173;5,0;8,5;16,0;11010;0,181;5,0;5,0;5,0;11180;0,168;5,6;12,9;23,1;10850;0,192;7,4;19,5;35,9;10960;0,185;5,0;8,5;14,6;10620;0,210;5,6;10,5;16,4;10010;0,255;5,0;8,0;15,1;11040;0,179;5,0;5,0;5,0;11360;0,155;5,0;5,0;7,3;11090;0,175;5,4;13,5;24,6;10940;0,186;5,0;8,5;14,3;10590;0,212;5,0;5,0;6,8;11410;0,151;9,9;25,5;43,8;10710;0,203;6,8;11,3;16,2;9650;0,282;5,0;5,0;8,7;11500;0,144;10,1;14,6;18,3;8450;0,371;35,7;66,2;81,0;9260;0,311
45;5,0;7,2;13,2;10900;0,189;6,8;13,1;21,5;10510;0,218;5,0;8,9;16,5;10990;0,182;5,0;8,4;15,5;10930;0,187;5,0;7,1;12,4;10750;0,200;5,0;5,0;8,4;10910;0,188;5,0;5,0;6,8;11530;0,142;5,1;9,3;15,2;10320;0,232;5,0;5,0;7,5;10830;0,194;5,0;6,3;11,4;10880;0,190;5,0;5,4;10,5;11120;0,172;5,3;13,7;25,9;11060;0,177;5,0;5,0;5,2;11100;0,174;6,9;15,9;28,4;10830;0,194;7,7;20,4;37,8;10970;0,184;6,2;11,9;20,0;10560;0,214;6,3;11,1;16,4;9630;0,284;5,0;7,8;14,3;10890;0,190;5,0;5,0;5,0;10980;0,183;5,0;6,4;12,4;11140;0,171;6,1;15,5;27,6;10890;0,190;5,2;10,2;17,1;10550;0,215;5,0;5,0;10,4;11400;0,152;13,9;35,2;57,5;10510;0,218;7,2;12,2;16,7;9480;0,294;5,0;5,0;9,0;11250;0,163;12,7;17,2;20,8;7680;0,429;42,0;72,8;86,2;9040;0,327
46;5,0;8,4;14,9;10860;0,192;7,4;13,8;23,1;10600;0,211;5,0;9,5;17,9;11000;0,181;5,0;10,3;17,3;10580;0,213;5,7;9,9;15,6;10140;0,246;5,0;6,1;11,3;10950;0,185;5,0;5,6;12,8;11540;0,141;6,9;13,6;23,1;10760;0,200;5,0;5,9;10,7;10860;0,192;5,0;7,9;13,1;10510;0,218;5,0;6,2;11,3;10900;0,189;5,0;12,1;24,6;11260;0,162;5,0;5,8;10,1;10790;0,197;6,9;15,7;28,6;10900;0,189;7,4;21,1;41,1;11110;0,173;6,7;14,3;25,4;10830;0,194;8,7;16,0;24,8;10190;0,242;5,4;11,7;21,8;10990;0,182;5,0;5,0;8,1;10990;0,182;5,0;6,6;12,4;10980;0,183;7,6;17,1;29,0;10700;0,204;5,0;6,4;11,9;11020;0,180;5,0;5,0;10,1;11410;0,151;12,7;31,1;51,7;10600;0,211;12,5;20,1;27,2;9180;0,317;5,0;6,0;12,7;11360;0,154;18,2;23,8;28,4;7330;0,454;42,9;70,6;81,4;8670;0,355
47;5,0;9,3;16,8;10900;0,189;7,1;13,5;23,5;10710;0,203;5,0;10,2;18,9;10990;0,182;5,0;10,6;19,1;10920;0,188;5,5;10,9;16,9;10210;0,241;5,0;7,1;13,2;10930;0,186;5,0;6,2;14,6;11580;0,139;6,2;13,0;23,0;10850;0,193;5,0;6,4;11,7;10870;0,191;5,0;7,9;13,9;10780;0,198;5,0;7,3;13,4;10900;0,189;6,4;16,7;30,8;11010;0,181;5,0;5,6;10,3;10920;0,187;7,3;17,2;30,8;10880;0,191;7,6;21,5;39,8;10950;0,185;7,2;16,1;28,6;10860;0,192;7,3;14,8;23,3;10270;0,236;5,4;11,8;22,7;11090;0,175;5,0;5,0;8,7;11070;0,176;5,0;8,5;15,4;10910;0,188;7,1;17,5;31,0;10850;0,193;5,0;7,8;14,4;11010;0,181;5,0;5,7;12,0;11340;0,157;13,2;34,1;54,0;10490;0,219;11,5;18,6;24,5;9170;0,318;5,0;7,2;15,2;11360;0,155;14,8;21,5;26,0;8310;0,381;36,1;65,5;81,5;9300;0,308
48;5,0;8,3;14,9;10840;0,194;7,6;13,1;21,0;10400;0,226;5,0;8,4;16,3;11080;0,176;5,0;10,0;16,0;10440;0,223;5,0;9,2;15,3;10350;0,230;5,0;6,2;11,4;10930;0,187;5,0;6,3;15,1;11600;0,137;6,9;13,3;23,0;10760;0,200;5,0;5,9;10,6;10860;0,192;5,0;7,8;13,7;10660;0,207;5,0;6,3;11,7;11030;0,180;5,0;11,1;20,5;10950;0,185;5,0;5,8;10,4;10820;0,195;6,5;14,4;25,7;10850;0,193;7,4;17,9;31,6;10840;0,194;6,2;13,4;24,0;10850;0,193;8,6;15,6;25,0;10410;0,226;5,3;11,3;21,2;11000;0,182;5,0;5,0;7,9;11020;0,180;5,0;6,8;12,5;10950;0,185;6,2;15,6;26,4;10710;0,203;s;8,7;16,0;10590;0,212;5,0;5,0;9,2;11390;0,153;15,8;36,1;57,0;10450;0,222;12,7;23,0;31,5;9590;0,286;5,0;6,5;14,5;11430;0,149;16,1;20,0;25,5;7180;0,466;42,0;67,3;77,6;8580;0,362
49;5,0;5,8;11,1;11080;0,176;6,4;11,9;19,2;10400;0,226;5,0;6,4;12,9;11220;0,165;5,0;6,3;12,1;11050;0,178;5,0;6,0;10,5;10690;0,205;5,0;5,0;7,5;11330;0,157;5,0;5,0;7,7;11920;0,113;5,0;9,7;17,1;10690;0,205;5,0;5,0;6,9;11090;0,175;5,0;5,7;10,8;11030;0,179;5,0;5,0;8,2;11280;0,161;5,0;8,5;17,2;11200;0,166;5,0;5,0;5,0;11390;0,153;5,6;13,6;25,1;10940;0,186;6,2;17,2;32,8;11070;0,176;5,0;10,0;17,3;10660;0,207;6,0;11,5;18,5;10080;0,250;5,0;8,4;16,1;11050;0,178;5,0;5,0;5,0;11390;0,153;5,0;5,0;8,7;11310;0,158;5,7;15,6;28,7;11000;0,181;5,0;8,4;15,1;10820;0,195;5,0;5,0;8,3;11540;0,142;12,4;32,3;52,9;10590;0,212;5,4;9,2;14,1;9850;0,267;5,0;5,0;8,9;11570;0,139;12,8;17,1;21,2;7730;0,425;35,8;68,6;82,5;9260;0,311
50;5,0;5,8;11,4;11120;0,173;5,0;9,4;16,3;10670;0,206;5,0;6,5;13,2;11230;0,164;5,0;7,0;13,0;10950;0,185;5,0;6,7;11,4;10620;0,210;5,0;5,0;8,2;11340;0,156;5,0;5,0;9,7;11900;0,115;5,0;9,7;18,1;10970;0,184;5,0;5,0;7,6;11070;0,176;5,0;5,6;10,4;11000;0,182;5,0;5,0;8,3;11250;0,163;5,0;8,8;18,7;11350;0,156;5,0;5,0;6,4;11200;0,167;5,0;11,6;22,4;11070;0,176;5,6;14,5;28,4;11120;0,172;5,0;9,5;18,0;11010;0,181;6,1;11,3;18,7;10420;0,225;5,0;8,4;17,6;11330;0,157;5,0;5,0;5,0;11380;0,153;5,0;5,0;9,2;11370;0,154;6,0;15,2;26,8;10850;0,193;5,0;5,4;10,0;10930;0,187;5,0;5,0;8,2;11570;0,139;13,5;32,1;51,6;10510;0,218;6,4;10,8;15,7;9710;0,278;5,0;5,0;10,4;11630;0,135;13,6;18,2;22,4;7470;0,444;36,9;64,2;77,8;9080;0,324
51;5,0;7,8;14,2;10880;0,190;8,7;15,8;25,3;10360;0,229;5,0;9,5;17,8;11030;0,179;5,0;8,9;15,8;10800;0,196;5,0;7,7;13,0;10540;0,216;5,0;5,0;8,9;11180;0,168;5,0;5,0;7,6;11620;0,135;6,2;11,1;18,1;10210;0,240;5,0;5,0;8,5;10900;0,189;5,0;7,1;12,6;10800;0,197;5,0;5,8;11,4;11140;0,171;5,4;14,4;27,3;11070;0,176;5,0;5,0;5,0;11090;0,175;6,5;15,2;27,1;10830;0,194;7,0;18,2;33,0;10920;0,188;5,8;11,0;18,7;10570;0,213;7,7;13,1;19,3;9550;0,290;5,0;9,6;17,2;10780;0,198;5,0;5,0;5,0;11260;0,162;5,0;6,4;12,4;11120;0,173;6,9;18,0;31,3;10800;0,196;5,0;9,6;17,1;10810;0,195;5,0;5,0;10,8;11390;0,153;15,1;38,2;60,2;10430;0,224;5,2;9,0;12,1;9530;0,291;5,0;5,0;10,7;11340;0,156;8,8;12,6;15,5;8050;0,401;36,4;68,3;84,1;9240;0,312
52;5,0;7,9;15,0;11040;0,178;7,1;13,1;22,7;10590;0,212;5,0;9,8;19,1;11110;0,173;5,0;9,4;17,6;10960;0,185;5,0;8,9;14,7;10510;0,218;5,0;5,1;10,5;11310;0,158;5,0;5,0;11,1;11690;0,130;5,5;11,3;20,0;10860;0,192;5,0;5,0;9,2;11160;0,169;5,0;6,5;12,6;11060;0,177;5,0;6,6;13,0;11160;0,169;5,5;15,3;29,6;11120;0,173;5,0;5,0;8,4;11230;0,165;6,6;16,0;29,5;10930;0,187;7,7;20,1;36,6;10870;0,191;5,6;12,5;23,4;11010;0,180;6,6;12,5;19,6;10210;0,241;5,0;10,3;20,2;11150;0,170;5,0;5,0;6,1;11500;0,144;5,0;6,9;14,1;11240;0,163;7,1;17,8;31,2;10860;0,192;5,0;7,4;13,7;11080;0,175;5,0;5,0;10,9;11550;0,141;15,7;36,6;59,3;10470;0,221;7,6;12,0;17,1;9330;0,306;5,0;5,7;12,8;11500;0,144;18,5;26,0;32,0;8130;0,395;36,4;67,9;81,4;9110;0,322
53;5,0;5,6;11,0;11130;0,172;5,0;9,9;17,1;10570;0,213;5,0;6,2;12,4;11210;0,166;5,0;6,0;11,7;11120;0,172;5,0;6,2;10,6;10540;0,216;5,0;5,0;7,8;11290;0,160;5,0;5,0;9,4;12010;0,106;5,0;9,3;17,2;10960;0,185;5,0;5,0;7,2;11080;0,176;5,0;5,3;10,1;11040;0,179;5,0;5,0;8,1;11260;0,163;5,0;8,2;16,8;11290;0,160;5,0;5,0;5,8;11310;0,158;5,9;13,1;24,7;11020;0,180;7,5;18,3;35,3;11120;0,172;5,1;10,3;19,2;10930;0,186;6,0;10,8;18,1;10360;0,229;5,0;7,9;16,4;11340;0,156;5,0;5,0;5,0;11320;0,158;5,0;5,0;8,9;11350;0,155;6,3;15,1;27,7;11000;0,182;5,0;7,9;12,5;10310;0,233;5,0;5,0;7,9;11550;0,140;13,2;32,8;54,7;10680;0,205;5,9;9,6;14,8;9970;0,258;5,0;5,0;9,8;11660;0,132;15,2;19,4;23,7;6990;0,480;42,0;69,7;83,9;8960;0,334
54;5,0;8,6;14,6;10620;0,210;10,9;18,0;26,6;9850;0,267;5,0;10,5;17,8;10650;0,207;5,0;9,9;16,7;10580;0,213;5,0;8,5;13,5;10260;0,237;5,0;5,0;9,2;10990;0,182;5,0;5,0;8,7;11800;0,122;7,1;12,8;19,8;9790;0,272;5,0;5,1;9,1;10740;0,201;5,0;7,2;12,3;10660;0,207;5,0;6,3;11,3;10840;0,194;6,9;16,1;28,2;10800;0,196;5,0;5,0;6,0;10910;0,188;8,7;18,5;30,7;10520;0,217;9,6;23,8;40,6;10710;0,203;8,1;14,8;23,5;10210;0,240;8,8;15,5;21,4;9450;0,297;5,7;10,8;18,5;10590;0,212;5,0;5,0;5,6;10930;0,186;5,0;7,2;12,7;10760;0,199;7,1;17,4;29,6;10760;0,199;5,0;9,2;16,1;10670;0,206;5,0;5,0;10,1;11330;0,157;18,4;41,1;61,1;10130;0,247;6,7;11,7;15,6;9450;0,297;5,0;5,6;11,5;11280;0,160;8,4;11,9;15,0;7880;0,413;44,7;75,2;87,7;8890;0,339
55;5,0;7,6;14,2;10960;0,184;7,4;13,9;23,1;10490;0,219;5,0;8,7;17,1;11140;0,171;5,0;8,9;15,9;10870;0,191;5,0;8,3;13,5;10340;0,230;5,0;5,1;10,3;11210;0,166;5,0;5,0;11,3;11670;0,131;5,7;11,5;19,9;10720;0,202;5,0;5,0;9,3;10990;0,182;5,0;7,6;13,1;10740;0,201;5,0;5,3;10,9;11290;0,160;5,5;12,8;25,2;11170;0,169;5,0;5,0;8,1;11110;0,173;7,0;16,5;29,6;10840;0,194;8,2;21,3;38,2;10850;0,192;6,4;14,3;25,7;10820;0,195;6,7;12,5;19,3;9860;0,266;5,0;10,6;20,3;11060;0,177;5,0;5,0;6,2;11210;0,166;5,0;6,1;12,2;11240;0,164;7,7;18,2;30,8;10760;0,199;5,0;7,1;13,4;10800;0,197;5,0;5,0;10,2;11530;0,142;18,2;41,1;62,6;10170;0,244;6,7;10,5;14,1;9240;0,313;5,0;5,5;12,4;11450;0,148;8,9;13,1;16,6;8540;0,364;39,0;70,0;83,7;9090;0,324
56;5,0;6,2;11,5;10950;0,186;6,4;11,9;19,8;10460;0,222;5,0;7,5;14,3;11030;0,179;5,0;7,2;13,1;10870;0,192;5,0;7,1;11,8;10460;0,221;5,0;5,0;7,6;11150;0,170;5,0;5,0;8,4;11700;0,130;5,5;10,4;17,9;10710;0,203;5,0;5,0;7,6;10920;0,188;5,0;6,1;11,1;10880;0,190;5,0;5,0;8,5;11150;0,170;5,0;8,8;17,5;11180;0,168;5,0;5,0;6,4;11070;0,176;6,3;14,1;25,4;10850;0,193;8,9;21,9;39,2;10840;0,193;5,1;10,3;18,7;10860;0,192;7,0;12,4;19,3;9960;0,259;5,0;8,9;16,9;11040;0,179;5,0;5,0;5,0;11200;0,166;5,0;5,0;9,0;11180;0,168;6,6;15,6;27,7;10830;0,194;5,0;6,8;12,0;10740;0,201;5,0;5,0;8,6;11450;0,148;12,4;29,2;48,5;10600;0,211;6,6;11,3;15,9;9670;0,280;5,0;5,0;9,0;11450;0,148;14,4;19,9;24,5;7780;0,421;39,4;67,2;79,2;8980;0,332
57;5,0;9,0;15,3;10630;0,209;9,7;15,9;24,6;10010;0,255;5,9;12,0;19,7;10530;0,216;5,4;11,2;18,4;10520;0,217;5,0;8,5;13,7;10350;0,230;5,0;5,3;9,9;11020;0,180;5,0;5,0;10,1;11640;0,134;6,6;11,7;19,2;10340;0,231;5,0;5,5;9,5;10650;0,208;5,0;7,6;12,7;10560;0,214;5,0;7,5;13,0;10680;0,205;7,8;17,6;30,7;10740;0,201;5,0;5,0;7,2;10690;0,204;8,5;17,9;30,0;10600;0,211;9,4;22,5;39,0;10760;0,199;7,8;14,6;23,5;10350;0,230;7,9;13,0;18,4;9480;0,295;5,6;10,8;19,8;10930;0,187;5,0;5,0;6,1;10830;0,194;5,0;8,5;14,8;10700;0,204;8,4;18,6;30,2;10570;0,214;5,0;9,1;16,0;10750;0,200;5,0;5,5;11,2;11270;0,162;20,0;41,3;60,6;10010;0,255;8,0;13,2;17,9;9450;0,297;5,0;5,8;12,1;11300;0,160;7,2;9,9;12,1;6870;0,489;49,0;75,0;86,4;8340;0,379
58;5,0;8,8;15,5;10790;0,197;7,4;14,3;24,1;10600;0,211;5,5;12,2;20,5;10620;0,210;5,1;10,8;18,8;10670;0,206;5,3;10,6;16,4;10260;0,236;5,0;5,9;11,2;11020;0,180;5,0;5,0;9,5;11710;0,129;5,8;11,4;20,0;10840;0,193;5,0;5,3;9,5;10790;0,197;5,0;8,1;14,2;10710;0,203;5,0;8,3;14,2;10700;0,204;6,8;17,0;30,4;10860;0,192;5,0;5,2;9,4;10890;0,190;7,8;17,8;30,8;10740;0,201;8,2;21,5;37,9;10760;0,199;7,6;15,9;27,2;10710;0,203;7,8;14,2;21,9;10060;0,251;5,0;9,3;18,5;11180;0,168;5,0;5,0;6,3;11050;0,178;5,0;8,3;14,8;10800;0,196;7,8;18,1;30,9;10710;0,203;5,4;10,9;17,5;10320;0,232;5,0;5,6;11,5;11290;0,160;14,2;35,1;54,9;10370;0,229;11,0;17,7;23,9;9350;0,304;5,0;5,3;11,6;11440;0,149;18,0;25,4;30,4;8090;0,398;35,1;64,4;78,8;9180;0,317
59;5,0;10,3;18,4;10850;0,192;9,7;18,6;29,7;10420;0,224;5,0;11,8;21,5;10930;0,187;5,0;11,4;20,2;10830;0,194;5,0;10,8;17,7;10460;0,222;5,0;6,3;12,5;11190;0,167;5,0;5,0;11,1;11740;0,126;6,8;13,5;21,8;10200;0,241;5,0;6,4;11,7;10920;0,187;5,0;9,0;15,7;10770;0,198;5,0;7,9;14,9;11040;0,179;6,3;17,5;32,2;10970;0,184;5,0;5,0;7,3;11150;0,171;8,0;19,9;34,6;10760;0,199;8,0;22,3;40,0;10880;0,191;8,0;17,0;28,1;10550;0,215;8,4;16,0;23,0;9580;0,287;5,6;11,7;20,9;10850;0,193;5,0;5,0;7,3;11240;0,163;5,0;9,0;16,8;10960;0,185;7,5;20,5;35,8;10850;0,193;5,0;10,7;19,6;10900;0,189;5,0;5,8;12,8;11450;0,148;16,3;41,3;63,3;10330;0,231;7,3;12,8;17,0;9470;0,295;5,0;7,3;15,4;11320;0,158;9,6;16,0;22,0;9470;0,295;33,3;68,6;85,7;9450;0,297
60;5,0;7,1;12,8;10880;0,191;6,2;12,3;20,3;10540;0,216;5,0;8,6;15,7;10920;0,187;5,0;8,0;14,5;10840;0,193;5,0;6,9;11,8;10610;0,210;5,0;5,0;8,5;11020;0,180;5,0;5,0;7,7;11620;0,136;5,0;9,1;15,2;10460;0,222;5,0;5,0;7,8;10980;0,183;5,0;6,1;10,6;10690;0,204;5,0;5,3;9,9;10970;0,184;5,2;12,9;23,9;10970;0,184;5,0;5,0;5,1;11090;0,174;6,6;15,3;26,9;10800;0,197;7,2;18,6;33,7;10890;0,190;5,8;11,3;19,0;10570;0,214;6,0;10,6;15,9;9710;0,278;5,0;7,9;14,6;10950;0,185;5,0;5,0;5,0;11290;0,160;5,0;6,1;11,6;11020;0,180;6,3;15,6;26,9;10760;0,200;5,0;8,8;15,2;10710;0,203;5,0;5,0;9,4;11410;0,151;14,5;35,5;55,9;10410;0,226;8,3;12,9;17,3;9180;0,317;5,0;5,2;10,5;11240;0,164;11,0;15,5;18,3;7900;0,412;41,0;71,5;85,8;9070;0,325
61;5,0;8,3;15,0;10870;0,191;6,8;13,9;23,5;10630;0,209;5,0;10,8;19,8;10940;0,186;5,0;10,0;17,4;10830;0,194;5,0;9,8;15,4;10180;0,242;5,0;5,3;10,3;11080;0,175;5,0;5,0;9,4;11820;0,121;6,2;12,1;21,0;10710;0,203;5,0;5,1;9,1;10830;0,194;5,0;7,9;14,0;10850;0,193;5,0;6,6;12,4;11050;0,178;5,3;14,3;26,2;10950;0,185;5,0;5,0;7,7;11060;0,177;7,3;17,6;30,7;10780;0,198;9,4;23,7;40,7;10730;0,201;5,8;13,3;23,6;10830;0,194;8,1;15,2;23,5;10040;0,253;5,0;9,7;19,0;11130;0,172;5,0;5,0;5,9;11060;0,177;5,0;7,1;13,5;11080;0,176;7,8;19,6;33,0;10750;0,200;5,0;9,2;15,8;10750;0,200;5,0;5,2;11,3;11410;0,151;17,3;40,5;63,0;10400;0,226;7,8;13,5;18,6;9440;0,298;5,0;5,3;11,5;11430;0,150;16,7;23,4;27,7;8180;0,391;41,5;74,6;86,5;9070;0,325
62;5,0;9,2;17,8;11110;0,173;7,6;16,8;29,2;10760;0,199;5,0;10,5;21,4;11250;0,163;5,0;10,0;19,4;11120;0,173;5,0;10,0;16,7;10570;0,214;5,0;5,7;12,0;11340;0,156;5,0;5,0;11,9;11830;0,120;5,8;13,3;22,8;10640;0,208;5,0;6,1;11,5;11030;0,179;5,0;8,4;15,3;10930;0,187;5,0;7,0;14,5;11290;0,160;5,0;14,8;31,2;11340;0,156;5,0;5,0;7,3;11410;0,151;6,5;18,1;33,9;11010;0,181;6,9;20,8;39,2;11030;0,179;6,1;14,5;26,9;10980;0,183;7,0;14,8;21,9;9700;0,278;5,0;12,2;23,4;11080;0,175;5,0;5,0;7,4;11400;0,152;5,0;7,5;16,2;11380;0,153;7,5;20,8;36,3;10820;0,195;5,0;8,6;16,7;11130;0,172;5,0;5,1;12,8;11680;0,131;15,5;41,2;64,7;10440;0,223;6,6;11,7;16,1;9550;0,289;5,0;7,0;15,4;11440;0,149;11,9;19,5;24,6;9070;0,325;30,5;68,5;85,8;9510;0,293
63;5,0;7,5;13,2;10800;0,197;10,1;16,8;24,6;9790;0,271;5,0;8,4;15,1;10900;0,189;5,0;8,0;14,0;10790;0,197;5,0;7,8;12,7;10360;0,229;5,0;5,0;9,4;11120;0,173;5,0;5,0;9,4;11730;0,127;6,5;12,0;19,5;10290;0,234;5,0;5,0;8,4;10900;0,189;5,0;6,0;10,7;10880;0,190;5,0;5,2;9,7;11000;0,181;5,6;14,2;25,7;10900;0,189;5,0;5,0;6,4;11020;0,180;7,5;16,4;28,1;10680;0,205;7,7;20,1;36,3;10890;0,189;7,3;14,0;22,5;10370;0,229;7,8;14,0;20,7;9740;0,276;5,4;10,4;18,6;10820;0,195;5,0;5,0;5,4;11180;0,168;5,0;6,1;11,2;10950;0,185;6,1;15,0;26,2;10820;0,195;5,0;8,0;14,0;10650;0,207;5,0;5,0;8,8;11400;0,152;14,6;36,0;56,2;10380;0,228;9,7;16,2;21,9;9460;0,296;5,0;5,4;11,4;11340;0,156;15,6;22,3;26,9;8040;0,402;41,8;73,1;85,5;9030;0,328
64;5,0;6,7;12,2;10890;0,190;8,3;14,1;21,7;10110;0,248;5,0;7,3;13,7;11030;0,180;5,0;7,6;13,6;10810;0,196;5,0;7,6;12,6;10470;0,221;5,0;5,0;8,7;11140;0,171;5,0;5,0;9,7;11560;0,140;5,6;10,8;18,4;10660;0,207;5,0;5,0;8,7;10900;0,189;5,0;6,2;10,9;10850;0,193;5,0;5,0;9,2;10990;0,182;5,0;10,0;19,5;11120;0,173;5,0;5,0;6,6;10940;0,186;5,9;13,0;23,4;10860;0,192;6,4;17,2;33,0;11080;0,176;5,7;11,3;19,4;10650;0,207;6,8;12,5;19,2;9950;0,260;5,0;9,5;17,9;10980;0,183;5,0;5,0;5,2;11160;0,169;5,0;5,1;9,6;10990;0,183;6,5;14,6;25,8;10830;0,194;5,0;5,5;10,6;11080;0,176;5,0;5,0;8,2;11360;0,154;11,8;27,7;47,1;10670;0,206;8,5;14,8;21,5;9740;0,275;5,0;5,0;10,7;11400;0,152;13,2;17,4;21,0;7610;0,434;34,7;61,5;75,5;9210;0,315
65;5,0;8,7;15,5;10840;0,194;10,5;17,6;27,0;10050;0,252;5,0;11,0;19,6;10750;0,200;5,0;10,4;17,9;10670;0,206;5,0;9,0;14,8;10420;0,224;5,0;5,8;11,2;11100;0,174;5,0;5,5;12,2;11480;0,146;6,6;12,8;22,4;10810;0,196;5,0;5,8;10,7;10950;0,185;5,0;7,5;12,6;10630;0,209;5,0;6,7;12,4;10960;0,185;6,6;15,5;28,0;10790;0,197;5,0;5,0;8,8;10890;0,190;7,8;17,4;30,6;10800;0,196;8,5;22,6;41,2;10900;0,189;7,4;15,1;26,1;10710;0,203;8,2;14,9;23,4;10110;0,248;5,5;11,2;21,6;11070;0,176;5,0;5,0;6,9;11100;0,174;5,0;7,2;12,8;10750;0,200;7,5;17,6;30,3;10800;0,196;5,0;6,9;13,1;11020;0,180;5,0;5,0;10,4;11340;0,156;12,2;30,2;50,6;10560;0,214;12,1;19,5;25,8;9230;0,313;5,0;6,1;13,0;11380;0,154;17,7;24,8;30,3;8230;0,387;35,5;62,4;76,2;9120;0,321
66;5,5;12,1;20,7;10680;0,205;9,8;19,9;34,2;10750;0,200;5,6;14,7;26,2;10880;0,191;6,4;14,8;24,0;10510;0,218;7,4;14,3;22,2;10160;0,244;5,0;8,0;14,4;10880;0,191;5,0;6,5;13,5;11290;0,160;8,1;15,9;25,4;10290;0,235;5,0;8,4;14,4;10690;0,205;5,0;11,2;18,9;10660;0,207;5,0;9,8;18,0;10940;0,186;8,0;20,9;36,5;10800;0,196;5,0;6,2;10,9;10730;0,202;8,9;21,4;36,1;10670;0,206;9,8;27,9;47,8;10740;0,201;8,6;19,1;31,9;10610;0,210;10,0;18,7;26,9;9710;0,277;6,7;13,9;24,3;10790;0,197;5,0;5,3;9,5;10850;0,193;5,0;11,1;19,1;10680;0,206;9,0;22,1;38,0;10790;0,197;5,0;8,9;16,7;11010;0,181;5,0;6,9;14,2;11280;0,161;15,7;37,1;58,4;10420;0,225;14,5;21,3;27,8;8790;0,346;5,0;8,0;15,7;11160;0,170;17,0;23,4;28,8;7890;0,413;30,2;63,9;83,1;9630;0,283
67;5,0;7,5;13,2;10770;0,199;8,3;14,2;21,9;10160;0,244;5,0;8,9;16,2;10910;0,188;5,0;8,9;15,9;10810;0,195;5,0;7,1;12,0;10560;0,214;5,0;5,0;8,6;10830;0,194;5,0;5,0;7,6;11410;0,151;6,4;11,3;17,4;9910;0,262;5,0;5,0;7,7;10650;0,207;5,0;6,1;10,5;10690;0,204;5,0;5,7;10,5;10920;0,188;5,4;14,0;27,0;11100;0,174;5,0;5,0;5,0;10940;0,186;6,9;15,0;26,1;10740;0,201;8,4;21,8;39,3;10890;0,190;6,0;11,1;18,4;10460;0,222;7,3;12,7;18,1;9530;0,291;5,6;10,2;16,9;10450;0,223;5,0;5,0;5,0;10700;0,204;5,0;6,5;12,4;11030;0,180;6,5;15,9;27,3;10780;0,198;5,0;7,8;13,8;10850;0,193;5,0;5,0;9,6;11410;0,151;13,8;34,9;54,4;10430;0,224;6,7;11,7;15,8;9490;0,294;5,0;5,4;10,4;11100;0,174;15,1;20,2;23,9;7110;0,471;44,1;74,5;87,7;8930;0,335
68;5,0;7,4;13,2;10800;0,197;7,2;13,4;21,2;10310;0,233;5,0;9,1;16,6;10920;0,188;5,0;9,0;16,0;10850;0,193;5,0;7,3;12,0;10450;0,222;5,0;5,0;8,7;10880;0,191;5,0;5,0;7,5;11430;0,149;5,4;10,2;16,5;10260;0,236;5,0;5,0;7,8;10720;0,202;5,0;6,1;10,6;10700;0,204;5,0;5,8;10,6;10900;0,189;5,4;14,2;26,7;11020;0,180;5,0;5,0;5,1;10960;0,185;6,9;15,7;27,3;10750;0,200;8,0;21,4;38,9;10910;0,188;6,2;12,2;20,2;10540;0,215;6,5;11,8;17,3;9710;0,277;5,0;8,8;15,7;10820;0,195;5,0;5,0;5,0;10720;0,202;5,0;6,9;12,7;10910;0,188;6,7;15,9;27,8;10820;0,195;5,0;6,5;12,5;11060;0,177;5,0;5,0;9,2;11380;0,153;14,5;35,2;55,2;10400;0,226;8,4;14,6;19,9;9500;0,293;5,0;5,0;9,9;11280;0,161;12,6;17,3;21,1;7800;0,419;41,5;72,7;86,1;9080;0,324
69;5,0;8,1;14,1;10730;0,202;9,1;14,7;21,5;9730;0,276;5,0;8,8;15,5;10820;0,195;5,0;9,1;15,9;10780;0,198;5,0;8,2;14,0;10630;0,209;5,0;5,1;9,5;10960;0,184;5,0;5,0;8,3;11490;0,145;6,2;10,4;16,2;9970;0,259;5,0;5,0;8,4;10720;0,202;5,0;6,7;11,6;10740;0,201;5,0;5,9;10,7;10880;0,190;5,7;14,4;26,3;10910;0,188;5,0;5,0;5,0;10890;0,190;6,9;14,9;25,6;10700;0,204;8,0;20,2;36,2;10870;0,191;5,9;10,3;16,6;10230;0,239;7,3;12,0;17,4;9550;0,289;5,3;9,1;15,3;10470;0,221;5,0;5,0;5,6;10790;0,198;5,0;7,2;13,1;10900;0,189;6,0;15,1;26,4;10820;0,195;5,4;11,0;18,6;10610;0,210;5,0;5,0;10,0;11300;0,159;12,9;32,1;51,4;10470;0,221;8,8;15,0;20,1;9410;0,300;5,0;6,0;11,9;11140;0,171;11,1;15,9;19,6;8180;0,391;44,0;72,8;85,2;8850;0,342
70;5,0;6,7;13,0;11120;0,173;5,9;11,2;19,7;10680;0,206;5,0;8,1;16,5;11250;0,163;5,0;7,6;14,4;10980;0,183;5,0;7,3;12,5;10630;0,209;5,0;5,0;9,5;11400;0,152;5,0;5,0;10,1;11670;0,132;5,1;10,2;18,8;10950;0,186;5,0;5,0;8,3;11090;0,175;5,0;6,3;11,5;10920;0,188;5,0;5,0;10,5;11330;0,157;5,0;11,2;23,1;11260;0,162;5,0;5,0;7,5;11290;0,160;6,2;14,9;28,0;11000;0,182;7,2;18,6;35,6;11050;0,178;5,7;13,2;24,4;10970;0,184;6,2;11,3;18,6;10460;0,222;5,0;9,4;19,0;11260;0,162;5,0;5,0;5,5;11460;0,147;5,0;5,5;11,6;11340;0,157;6,6;16,1;28,2;10790;0,197;5,0;5,0;10,0;11110;0,173;5,0;5,0;9,2;11660;0,133;15,8;36,1;57,8;10340;0,231;9,0;13,9;18,9;9180;0,317;5,0;5,0;11,5;11530;0,142;14,8;22,2;27,3;8650;0,356;36,4;65,1;79,6;9150;0,319
71;5,0;6,7;12,8;11040;0,178;5,7;11,2;19,4;10690;0,205;5,0;8,4;15,7;11010;0,180;5,0;8,3;15,3;10990;0,182;5,0;7,4;12,5;10570;0,213;5,0;5,0;9,1;11320;0,158;5,0;5,0;9,8;11810;0,121;5,0;9,3;17,4;10980;0,183;5,0;5,0;8,0;11170;0,169;5,0;6,5;11,7;10890;0,190;5,0;5,4;10,4;11060;0,177;5,0;12,4;24,1;11110;0,174;5,0;5,0;6,9;11130;0,172;5,8;13,9;26,2;11000;0,181;6,5;17,6;34,0;11070;0,176;5,2;11,0;20,0;10900;0,189;5,8;10,8;17,4;10380;0,228;5,0;8,1;17,4;11400;0,152;5,0;5,0;5,4;11390;0,152;5,0;6,1;11,9;11110;0,173;6,5;15,7;28,0;10880;0,190;5,0;6,8;12,3;10760;0,200;5,0;5,0;9,5;11480;0,146;13,5;33,8;55,0;10530;0,216;8,2;13,5;18,7;9530;0,291;5,0;5,0;10,6;11630;0,135;12,6;16,9;21,3;7800;0,420;36,2;64,7;77,4;9110;0,322
72;5,0;7,0;12,9;10930;0,187;7,3;13,4;21,8;10440;0,223;5,0;8,4;15,9;11020;0,180;5,0;8,2;15,0;10910;0,188;5,0;7,4;12,5;10530;0,217;5,0;5,0;8,3;11240;0,164;5,0;5,0;7,3;11850;0,119;5,2;10,2;17,6;10570;0,213;5,0;5,0;7,5;10970;0,184;5,0;6,8;12,2;10850;0,193;5,0;5,0;9,8;11100;0,174;5,0;12,8;24,3;11040;0,179;5,0;5,0;5,3;11320;0,158;7,3;17,1;30,1;10780;0,198;9,2;23,6;41,1;10760;0,199;5,9;12,1;21,6;10810;0,196;6,5;12,4;19,2;9820;0,269;5,0;8,5;16,4;11060;0,177;5,0;5,0;5,0;11300;0,159;5,0;5,4;10,5;11100;0,174;7,0;18,3;32,4;10880;0,191;5,3;10,7;18,5;10690;0,204;5,0;5,0;9,5;11470;0,147;14,6;35,5;56,8;10430;0,224;6,5;11,3;16,2;9730;0,276;5,0;5,0;9,4;11470;0,147;14,3;20,2;24,4;7880;0,414;36,7;69,7;86,1;9290;0,309
73;5,0;5,7;10,3;10860;0,192;6,1;10,7;17,0;10100;0,249;5,0;6,6;11,8;10840;0,194;5,0;6,6;12,0;10910;0,188;5,0;6,0;10,2;10640;0,208;5,0;5,0;7,1;11060;0,177;5,0;5,0;7,2;11520;0,143;5,0;8,8;15,0;10560;0,214;5,0;5,0;6,8;10810;0,195;5,0;5,0;8,7;10840;0,193;5,0;5,0;7,8;10980;0,183;5,0;9,7;18,5;11050;0,178;5,0;5,0;5,0;10770;0,198;5,2;11,2;20,4;10900;0,189;5,2;14,2;27,5;11120;0,173;5,1;8,8;14,8;10430;0,224;5,7;9,7;14,8;9870;0,266;5,0;8,0;15,2;11020;0,180;5,0;5,0;5,0;11030;0,179;5,0;5,0;8,9;11050;0,178;5,5;12,5;21,5;10770;0,199;5,0;5,5;10,0;10880;0,190;5,0;5,0;7,5;11310;0,158;11,3;25,8;44,2;10680;0,205;7,3;13,3;18,9;9730;0,276;5,0;5,0;8,9;11350;0,156;11,6;15,6;18,6;7500;0,442;44,0;70,9;81,2;8670;0,355
74;5,0;5,7;9,4;10460;0,222;5,3;8,6;13,3;10110;0,248;5,0;5,9;9,8;10500;0,219;5,0;6,1;10,0;10420;0,225;5,0;5,8;9,2;10120;0,247;5,0;5,0;8,0;10570;0,213;5,0;5,0;7,6;11210;0,166;5,6;8,9;14,0;10020;0,254;5,0;5,0;6,9;10370;0,229;5,0;5,2;8,5;10430;0,224;5,0;5,0;6,7;10400;0,226;5,0;8,2;14,9;10860;0,192;5,0;5,0;5,0;9940;0,261;5,8;10,8;18,4;10630;0,209;6,4;14,4;27,4;11030;0,179;5,4;8,6;13,1;9900;0,264;6,3;9,6;13,8;9370;0,303;5,0;8,3;14,1;10560;0,214;5,0;5,0;5,0;10390;0,227;5,0;5,0;7,6;10630;0,209;6,3;11,7;19,3;10510;0,218;5,0;5,8;9,7;10480;0,220;5,0;5,0;6,1;11090;0,175;12,4;24,6;39,2;10370;0,229;9,9;15,2;20,2;9050;0,326;5,0;5,0;9,4;11030;0,179;16,7;19,7;22,5;4810;0,642;60,7;78,4;87,2;5580;0,585
75;6,3;10,4;15,4;9830;0,268;9,9;13,4;17,5;8240;0,387;5,0;8,1;11,8;9760;0,274;6,0;10,6;16,1;10090;0,249;7,4;12,6;18,2;9800;0,271;6,4;10,7;16,1;9910;0,263;5,0;6,5;11,3;10730;0,201;8,4;12,5;16,8;8990;0,331;5,0;6,8;10,2;9840;0,268;5,0;8,2;12,4;9950;0,260;5,0;7,4;11,5;10190;0,242;10,0;18,3;28,5;10240;0,238;5,0;5,0;5,8;8770;0,347;8,1;13,7;20,6;9940;0,260;7,9;16,0;26,7;10520;0,217;8,2;12,2;16,5;9010;0,330;9,5;14,2;18,5;8730;0,350;7,5;11,3;15,6;9190;0,316;5,0;5,0;7,5;9830;0,269;5,0;7,9;12,1;10070;0,251;8,4;15,2;23,4;10140;0,245;10,1;18,1;28,1;10190;0,242;5,0;6,5;10,8;10500;0,218;14,0;26,9;38,8;9920;0,262;9,9;14,1;18,3;8540;0,365;5,5;10,0;16,2;10410;0,226;14,8;18,3;21,0;6230;0,537;60,3;81,3;88,1;6080;0,548
76;5,0;8,0;14,6;10900;0,189;8,1;15,4;24,9;10410;0,225;5,0;9,5;17,8;11040;0,179;5,0;9,3;16,7;10860;0,192;5,0;8,4;13,9;10500;0,218;5,0;5,0;9,5;11200;0,167;5,0;5,0;8,2;11770;0,124;5,6;11,2;18,8;10440;0,224;5,0;5,0;9,2;10930;0,187;5,0;7,4;13,3;10850;0,192;5,0;6,1;11,7;11080;0,176;5,1;14,1;26,7;11060;0,177;5,0;5,0;5,0;11200;0,167;6,6;16,2;28,8;10830;0,194;7,0;19,2;35,0;10920;0,188;5,9;12,1;20,5;10590;0,212;7,1;13,8;20,4;9710;0,278;5,0;9,3;17,6;10990;0,182;5,0;5,0;5,1;11320;0,157;5,0;6,3;12,3;11110;0,173;6,9;18,9;33,0;10820;0,195;5,0;9,6;16,7;10710;0,203;5,0;5,0;10,3;11470;0,146;13,5;35,6;57,2;10530;0,216;6,7;11,2;15,4;9490;0,294;5,0;5,3;11,4;11400;0,152;12,0;18,3;22,5;8630;0,358;32,9;66,3;82,8;9400;0,300
77;5,0;6,8;11,7;10710;0,203;6,0;10,9;17,4;10320;0,232;5,0;7,8;13,7;10770;0,198;5,0;7,5;13,3;10750;0,200;5,0;6,5;10,9;10600;0,211;5,0;5,0;8,4;10670;0,206;5,0;5,0;7,0;11280;0,161;5,2;8,6;13,3;9970;0,258;5,0;5,0;7,4;10650;0,208;5,0;5,5;9,5;10690;0,204;5,0;5,0;9,0;10810;0,196;5,0;11,4;20,5;10850;0,192;5,0;5,0;5,0;10760;0,199;6,9;14,5;24,9;10690;0,205;7,0;16,6;30,1;10900;0,189;6,8;12,3;19,6;10260;0,237;6,3;10,1;14,2;9480;0,295;5,0;7,5;12,5;10530;0,216;5,0;5,0;5,0;10650;0,208;5,0;5,7;10,2;10820;0,195;5,8;13,0;22,9;10810;0,195;5,0;9,0;15,5;10710;0,203;5,0;5,0;8,8;11230;0,164;14,6;32,9;51,7;10350;0,230;9,4;14,9;19,2;9010;0,330;5,0;5,0;9,2;11030;0,179;10,9;15,1;18,1;7690;0,428;48,0;73,7;87,2;8490;0,369
78;5,0;5,6;9,7;10690;0,205;6,2;9,8;15,2;9970;0,258;5,0;6,6;11,4;10720;0,203;5,0;6,2;11,0;10830;0,194;5,0;5,4;9,2;10540;0,215;5,0;5,0;7,2;10630;0,209;5,0;5,0;5,7;11160;0,170;5,0;7,9;11,7;9720;0,277;5,0;5,0;5,9;10560;0,214;5,0;5,0;7,8;10710;0,203;5,0;5,0;6,8;10850;0,192;5,0;9,6;17,3;10870;0,191;5,0;5,0;5,0;10460;0,222;5,6;11,5;20,2;10740;0,201;5,9;13,6;25,3;10950;0,185;5,2;9,0;13,9;10120;0,247;6,1;9,5;13,1;9280;0,309;5,0;6,6;10,6;10220;0,240;5,0;5,0;5,0;10610;0,210;5,0;5,0;8,3;10910;0,188;5,0;10,7;18,8;10760;0,200;5,0;9,2;15,5;10630;0,209;5,0;5,0;7,3;11260;0,162;13,1;29,4;45,6;10370;0,228;8,3;12,8;17,0;9000;0,330;5,0;5,0;7,7;10930;0,187;10,3;13,8;16,6;7060;0,475;52,6;77,7;88,7;8010;0,404
79;5,0;6,2;11,9;11080;0,176;5,7;11,2;19,1;10700;0,204;5,0;7,3;13,8;11020;0,180;5,0;6,6;12,3;10970;0,184;5,0;6,5;11,2;10690;0,204;5,0;5,0;8,8;11280;0,161;5,0;5,0;11,6;11870;0,117;5,0;9,8;18,3;10990;0,183;5,0;5,0;8,2;11150;0,170;5,0;5,6;10,5;10970;0,183;5,0;5,0;8,7;11210;0,166;5,0;11,0;21,2;11090;0,175;5,0;5,0;6,7;11270;0,162;6,1;14,5;26,8;10960;0,185;7,9;21,1;38,9;10960;0,185;5,4;11,7;21,8;10970;0,184;5,9;11,2;18,7;10510;0,218;5,0;8,6;17,9;11330;0,157;5,0;5,0;5,9;11440;0,149;5,0;5,0;9,7;11170;0,169;6,1;14,8;26,9;10960;0,185;5,0;8,1;14,3;10790;0,198;5,0;5,0;8,3;11490;0,145;15,0;34,2;54,4;10500;0,219;6,5;11,0;16,0;9830;0,269;5,0;5,0;11,3;11640;0,134;14,7;20,8;26,6;8190;0,390;34,8;63,1;78,4;9350;0,304
80;5,0;8,6;15,7;10940;0,186;10,0;18,1;28,2;10260;0,236;5,0;10,1;19,2;11030;0,179;5,0;9,5;17,4;10950;0,185;5,0;9,0;15,1;10590;0,212;5,0;5,0;10,2;11240;0,164;5,0;5,0;9,4;11790;0,123;6,5;12,8;20,8;10410;0,225;5,0;5,3;9,9;10970;0,184;5,0;7,5;13,5;10920;0,187;5,0;6,6;12,9;11120;0,173;5,6;15,3;29,3;11100;0,174;5,0;5,0;6,9;11250;0,163;7,4;18,1;31,8;10820;0,195;8,5;23,3;40,9;10820;0,195;6,7;14,4;25,4;10820;0,195;8,0;14,8;21,7;9710;0,278;5,4;11,2;20,1;10880;0,190;5,0;5,0;6,2;11290;0,160;5,0;7,2;14,2;11190;0,168;7,2;18,9;32,4;10800;0,197;5,0;8,0;15,1;11030;0,179;5,0;5,1;11,6;11510;0,144;15,5;39,4;60,5;10310;0,233;6,7;10,9;14,7;9250;0,311;5,0;5,9;12,6;11380;0,153;11,1;16,2;19,4;8370;0,377;35,2;68,8;83,8;9280;0,310
81;5,0;8,4;15,3;10920;0,187;8,4;15,9;25,5;10380;0,228;5,0;10,0;18,2;10960;0,185;5,0;9,6;16,8;10800;0,196;5,0;9,3;15,4;10460;0,222;5,0;5,7;11,2;11110;0,173;5,0;5,0;12,3;11730;0,127;6,5;12,9;22,6;10750;0,200;5,0;5,4;10,2;11000;0,181;5,0;7,7;13,4;10720;0,203;5,0;6,1;11,8;11110;0,173;5,7;14,8;27,3;11000;0,181;5,0;5,0;8,7;11010;0,181;7,3;17,5;31,2;10870;0,191;10,5;26,9;47,5;10820;0,195;6,3;14,5;25,9;10890;0,190;7,8;14,8;23,0;9920;0,262;5,5;11,6;22,2;11060;0,177;5,0;5,0;6,9;11370;0,154;5,0;7,1;13,1;10980;0,183;7,4;17,9;31,4;10830;0,194;5,0;7,5;13,7;10920;0,187;5,0;5,0;10,3;11410;0,151;12,9;32,7;53,0;10510;0,218;10,5;17,3;24,2;9510;0,292;5,0;6,1;13,5;11430;0,150;15,3;21,9;27,3;8310;0,382;33,8;66,5;82,6;9440;0,297
82;5,0;9,0;16,3;10880;0,191;7,3;14,7;24,0;10550;0,215;5,0;10,0;18,7;10970;0,184;5,0;9,7;17,6;10880;0,191;5,1;9,8;15,7;10420;0,225;5,0;7,0;12,7;10890;0,190;5,0;6,0;13,9;11560;0,140;6,5;12,9;22,0;10760;0,200;5,0;6,1;11,4;10960;0,184;5,0;7,3;13,0;10840;0,193;5,0;7,0;12,3;10760;0,199;6,5;15,9;29,6;11000;0,182;5,0;5,2;9,4;10900;0,189;7,4;17,5;31,3;10860;0,192;8,7;25,7;46,2;10890;0,189;7,0;15,0;26,7;10850;0,192;7,7;14,2;22,0;10210;0,240;5,5;11,8;22,0;10970;0,184;5,0;5,0;8,4;11100;0,174;5,0;8,1;14,9;10930;0,187;6,9;16,6;29,7;10880;0,191;5,0;9,0;15,6;10710;0,203;5,0;5,4;11,5;11310;0,158;14,8;34,6;57,1;10600;0,211;12,9;19,9;26,6;9070;0,325;5,0;7,3;15,1;11290;0,160;14,1;20,8;26,0;8350;0,379;38,8;66,5;80,5;9090;0,324
83;5,0;9,0;15,3;10670;0,206;7,7;13,7;22,7;10460;0,222;5,0;10,4;18,6;10850;0,193;5,0;10,7;18,0;10610;0,210;5,5;10,4;16,0;10090;0,249;5,0;6,9;12,0;10760;0,199;5,0;5,0;10,2;11330;0,157;6,9;12,6;20,3;10330;0,231;5,0;6,2;10,7;10710;0,203;5,0;8,3;14,0;10600;0,211;5,0;7,2;12,8;10790;0,197;5,9;14,6;26,0;10860;0,192;5,0;5,0;7,7;10580;0,213;7,3;15,8;27,2;10710;0,203;7,6;19,8;36,0;10910;0,188;7,2;14,4;24,1;10570;0,214;8,2;14,1;20,5;9710;0,277;6,0;11,4;20,1;10820;0,195;5,0;5,0;7,3;10830;0,194;5,0;8,0;13,9;10700;0,204;7,7;17,1;29,3;10730;0,202;5,0;7,6;13,6;10880;0,190;5,0;5,0;10,4;11280;0,161;13,3;31,5;51,2;10520;0,217;11,2;18,4;24,6;9350;0,304;5,0;6,7;13,1;11120;0,173;13,1;18,4;22,3;8030;0,403;41,7;70,3;83,7;8980;0,332
84;5,2;11,1;19,5;10770;0,198;8,5;15,9;26,2;10510;0,218;5,0;12,0;22,7;11040;0,179;5,6;13,2;23,0;10760;0,199;5,9;11,8;19,0;10350;0,230;5,0;9,4;16,2;10690;0,205;5,0;5,9;12,7;11380;0,153;7,4;13,8;22,6;10430;0,224;5,0;7,7;13,4;10690;0,205;5,0;9,4;16,1;10710;0,203;5,0;8,7;16,1;10940;0,186;7,6;19,4;35,0;10920;0,187;5,0;5,0;9,1;10860;0,192;8,6;19,4;33,6;10750;0,200;10,4;26,8;47,9;10890;0,190;7,7;15,7;26,3;10620;0,210;9,1;16,0;23,7;9710;0,277;6,0;12,1;21,8;10870;0,191;5,0;5,5;9,9;10780;0,198;5,0;10,9;19,5;10870;0,191;8,1;19,0;32,9;10800;0,197;5,0;9,8;17,4;10870;0,191;5,0;6,6;14,2;11380;0,153;15,2;38,0;58,1;10340;0,231;13,2;21,2;28,3;9210;0,315;5,0;8,9;17,2;11080;0,176;12,8;18,5;22,4;8230;0,388;39,7;70,2;84,6;9140;0,320
85;5,0;5,0;8,9;11260;0,162;5,0;6,7;12,5;10990;0,182;5,0;5,0;9,6;11340;0,156;5,0;5,0;9,7;11160;0,170;5,0;5,4;9,7;10810;0,196;5,0;5,0;6,4;11430;0,150;5,0;5,0;8,5;11870;0,116;5,0;8,2;15,7;11060;0,177;5,0;5,0;6,0;11280;0,161;5,0;5,0;8,9;11130;0,172;5,0;5,0;6,5;11360;0,155;5,0;5,8;12,9;11440;0,148;5,0;5,0;5,4;11360;0,155;5,0;10,5;20,9;11180;0,168;5,3;15,8;32,3;11250;0,163;5,0;8,6;16,8;11130;0,172;5,0;8,8;15,2;10700;0,204;5,0;7,7;16,1;11330;0,157;5,0;5,0;5,0;11570;0,139;5,0;5,0;6,9;11460;0,147;5,1;12,9;24,4;11020;0,180;5,0;5,0;9,0;11160;0,170;5,0;5,0;6,5;11660;0,132;10,8;26,4;46,5;10780;0,198;5,1;9,1;13,6;10060;0,252;5,0;5,0;8,1;11630;0,135;10,9;14,8;18,5;7820;0,418;37,0;63,4;77,2;9090;0,324
86;5,0;7,9;14,0;10820;0,195;11,0;18,2;27,0;9890;0,264;5,0;9,0;16,5;10950;0,185;5,0;8,3;14,9;10870;0,191;5,0;8,2;13,1;10270;0,236;5,0;5,0;9,3;11020;0,180;5,0;5,0;10,8;11740;0,127;7,0;13,0;21,1;10280;0,235;5,0;5,0;9,1;10920;0,188;5,0;6,5;11,9;10870;0,192;5,0;5,6;10,5;11000;0,181;5,2;14,1;25,5;10920;0,187;5,0;5,0;6,7;11130;0,172;8,0;18,3;31,0;10670;0,206;9,9;25,6;43,7;10740;0,201;7,0;14,1;23,7;10580;0,212;8,1;14,8;22,1;9720;0,276;6,1;11,6;20,3;10750;0,200;5,0;5,0;6,2;11150;0,170;5,0;5,9;11,0;10970;0,184;6,7;17,2;30,6;10890;0,190;5,0;10,2;16,9;10690;0,205;5,0;5,0;9,7;11350;0,156;13,9;34,1;56,1;10620;0,209;8,5;14,1;18,8;9330;0,306;5,0;5,3;11,6;11400;0,152;18,0;26,3;32,4;8350;0,379;38,3;72,1;87,6;9260;0,311
87;5,0;8,7;15,3;10780;0,198;11,4;19,2;28,4;9850;0,267;5,0;10,6;19,3;10900;0,189;5,0;9,9;17,0;10750;0,200;5,0;9,2;14,6;10250;0,237;5,0;5,3;10,1;11050;0,178;5,0;5,0;10,6;11700;0,129;6,3;11,6;19,8;10620;0,209;5,0;5,5;9,7;10750;0,200;5,0;7,2;12,5;10790;0,197;5,0;6,6;11,8;10850;0,193;7,6;19,3;34,5;10830;0,194;5,0;5,0;7,4;10900;0,189;8,4;18,9;32,7;10720;0,202;9,4;24,3;43,1;10820;0,195;7,7;15,0;25,0;10520;0,217;7,7;13,8;21,6;9960;0,259;5,3;9,9;18,4;10960;0,185;5,0;5,0;6,9;10830;0,194;5,0;7,5;13,5;10860;0,192;7,0;17,7;30,7;10790;0,197;6,3;12,3;20,8;10610;0,211;5,0;5,3;10,8;11260;0,162;14,5;35,7;57,3;10500;0,219;12,9;20,4;26,9;9210;0,314;5,0;5,5;12,0;11400;0,152;20,2;26,9;31,6;6950;0,483;36,1;64,8;80,3;9260;0,311
88;5,0;8,1;14,9;10930;0,186;7,1;14,3;24,0;10650;0,207;5,0;10,4;19,1;10930;0,186;5,0;9,9;17,8;10870;0,192;5,0;9,1;14,7;10410;0,225;5,0;5,0;10,3;11330;0,157;5,0;5,0;9,0;11810;0,122;5,5;11,5;20,0;10660;0,207;5,0;5,1;9,5;10970;0,184;5,0;7,4;13,1;10790;0,197;5,0;6,4;12,3;11050;0,178;5,3;14,5;28,3;11120;0,172;5,0;5,0;7,5;11260;0,162;7,3;17,8;31,3;10780;0,198;9,6;24,3;41,9;10710;0,203;6,0;14,3;25,5;10850;0,193;7,1;13,7;20,9;9710;0,277;5,0;9,7;19,3;11170;0,169;5,0;5,0;5,7;11340;0,156;5,0;7,0;13,6;11080;0,175;6,9;18,4;31,8;10800;0,196;5,0;6,9;13,2;11010;0,181;5,0;5,0;10,3;11550;0,141;17,1;40,7;62,1;10240;0,238;9,4;15,5;21,8;9570;0,288;5,0;5,0;11,4;11540;0,141;14,3;20,8;25,9;8460;0,371;37,1;71,5;85,3;9140;0,320
89;5,0;7,8;14,3;10930;0,187;6,1;11,6;20,6;10780;0,198;5,0;9,4;17,7;11010;0,181;5,0;9,6;17,5;10940;0,186;5,0;8,9;14,6;10460;0,222;5,0;5,3;9,9;11010;0,180;5,0;5,0;8,3;11730;0,128;5,3;10,2;17,5;10690;0,205;5,0;5,0;8,7;10940;0,186;5,0;7,0;12,6;10910;0,188;5,0;6,7;12,7;11000;0,182;5,3;14,0;26,7;11080;0,176;5,0;5,0;7,5;11080;0,176;7,0;16,9;30,2;10860;0,192;8,2;22,0;39,9;10890;0,190;6,2;13,3;23,6;10820;0,195;6,8;12,3;18,7;9920;0,262;5,0;8,6;16,4;11050;0,177;5,0;5,0;5,3;11220;0,165;5,0;7,2;13,9;11090;0,175;6,3;16,0;28,5;10910;0,188;5,0;8,6;14,5;10470;0,221;5,0;5,0;10,9;11450;0,148;14,6;34,3;56,3;10570;0,213;8,3;13,1;18,0;9250;0,312;5,0;5,2;11,0;11320;0,158;14,2;20,6;25,5;8420;0,374;39,2;70,5;84,3;9090;0,324
90;5,0;8,2;14,8;10850;0,193;8,7;15,1;24,0;10240;0,238;5,0;9,3;17,7;11010;0,181;5,0;10,0;17,2;10760;0,199;5,0;8,8;14,0;10470;0,221;5,0;5,0;9,7;11360;0,155;5,0;5,0;9,1;11810;0,121;5,5;11,1;18,4;10290;0,234;5,0;5,0;9,1;10990;0,183;5,0;7,2;12,6;10770;0,199;5,0;6,5;11,6;10800;0,196;5,0;14,4;27,6;11090;0,175;5,0;5,0;5,3;10950;0,185;7,0;16,9;30,3;10810;0,195;8,1;21,7;39,9;10930;0,187;5,9;11,7;19,9;10600;0,211;6,8;13,0;18,8;9520;0,292;5,0;9,5;18,1;11020;0,180;5,0;5,0;5,7;11400;0,152;5,0;7,3;13,7;11020;0,180;6,9;17,4;29,8;10770;0,199;5,0;7,5;13,8;10820;0,195;5,0;5,0;9,9;11460;0,148;11,7;34,2;53,6;10440;0,223;9,2;16,4;21,7;9720;0,277;5,0;5,2;11,8;11510;0,144;17,2;23,0;31,9;8630;0,358;42,1;74,6;87,4;9050;0,326
91;5,0;7,8;13,2;10620;0,210;7,0;11,9;18,6;10110;0,248;5,0;9,4;16,0;10690;0,205;5,0;9,0;15,7;10720;0,202;5,0;7,4;12,3;10490;0,220;5,0;5,3;8,8;10510;0,218;5,0;5,0;6,2;11160;0,170;5,3;8,4;12,5;9720;0,277;5,0;5,0;7,3;10530;0,216;5,0;6,2;10,5;10600;0,211;5,0;5,6;9,9;10780;0,198;6,8;14,4;25,0;10740;0,201;5,0;5,0;5,0;10650;0,207;7,8;15,5;26,3;10610;0,211;7,3;16,3;29,4;10860;0,192;8,5;14,4;22,0;10020;0,254;6,7;10,4;14,3;9290;0,309;5,0;6,7;11,0;10360;0,229;5,0;5,0;5,0;10480;0,220;5,0;6,6;11,8;10800;0,197;6,3;13,5;23,2;10740;0,201;6,7;13,0;21,3;10450;0,222;5,0;5,5;10,6;11090;0,175;15,8;34,8;53,7;10300;0,234;12,0;17,8;22,7;8710;0,352;5,0;5,0;8,8;10940;0,186;12,9;17,2;20,8;7640;0,431;50,6;75,6;88,4;8230;0,388
92;5,0;7,4;11,9;10300;0,234;7,7;11,2;15,3;8890;0,338;5,0;6,8;10,9;10350;0,230;5,0;7,8;12,7;10410;0,226;5,0;7,9;12,5;10260;0,236;5,0;6,9;11,3;10380;0,228;5,0;5,0;9,1;10890;0,190;6,1;9,5;13,4;9440;0,298;5,0;5,5;8,5;10170;0,243;5,0;6,5;10,2;10290;0,234;5,0;5,4;9,0;10500;0,219;5,4;11,6;20,0;10670;0,206;5,0;5,0;5,0;9670;0,281;6,2;11,8;19,1;10380;0,228;5,8;12,8;22,5;10770;0,199;6,8;10,7;15,2;9530;0,291;7,4;11,2;14,9;8980;0,332;5,2;8,2;12,2;9730;0,276;5,0;5,0;6,0;10180;0,243;5,0;5,9;9,9;10520;0,217;6,3;12,5;20,2;10440;0,223;5,9;11,4;19,1;10560;0,215;5,0;5,0;8,2;10980;0,183;14,4;30,0;44,4;10080;0,250;8,9;13,5;17,3;8830;0,343;5,0;7,1;12,3;10730;0,202;13,1;16,6;19,1;6770;0,496;57,6;80,6;89,2;6970;0,481
93;9,2;17,6;27,6;10280;0,235;12,9;20,4;29,6;9620;0,284;9,1;17,7;28,1;10350;0,230;9,7;19,7;31,6;10420;0,225;10,0;18,8;28,9;10170;0,244;8,4;14,9;22,9;10090;0,249;5,0;9,6;17,3;10870;0,191;9,7;15,9;22,1;9580;0,287;6,7;12,0;18,8;10190;0,242;7,7;14,3;22,3;10220;0,240;7,8;14,9;24,2;10400;0,226;12,3;25,0;40,0;10430;0,224;5,0;7,6;12,5;10480;0,220;12,6;23,9;37,2;10230;0,239;10,6;22,4;36,7;10490;0,220;15,8;26,4;38,2;9770;0,273;12,6;19,9;25,8;9090;0,324;7,0;12,4;18,8;9970;0,258;5,7;10,0;16,0;10200;0,241;8,8;17,1;27,6;10370;0,228;10,4;21,5;34,4;10460;0,222;11,2;21,3;33,4;10300;0,233;6,0;12,4;22,0;10830;0,194;21,2;43,4;61,7;9930;0,261;17,4;27,2;34,6;8930;0,336;7,1;14,0;23,6;10590;0,212;21,3;30,4;36,8;8240;0,387;51,8;80,1;91,1;8380;0,377
94;5,5;10,4;16,6;10320;0,232;10,3;15,5;21,9;9290;0,309;5,6;10,7;17,4;10370;0,228;5,5;11,4;19,0;10520;0,217;5,7;10,9;17,0;10210;0,240;5,0;8,5;13,4;10140;0,245;5,0;5,1;9,6;10990;0,182;7,0;11,2;15,8;9570;0,288;5,0;6,7;10,6;10260;0,237;5,0;8,3;13,3;10320;0,232;5,0;8,0;13,5;10560;0,214;8,5;17,6;29,1;10510;0,218;5,0;5,0;5,7;10310;0,233;8,5;16,3;26,1;10320;0,232;7,4;16,3;27,9;10650;0,208;10,0;16,3;23,6;9700;0,278;8,8;13,9;18,4;9180;0,317;5,5;9,2;13,8;9820;0,269;5,0;5,0;7,6;10150;0,244;5,0;9,2;15,3;10520;0,217;7,3;15,1;24,7;10520;0,217;8,0;15,1;24,2;10290;0,234;5,0;6,9;12,7;10930;0,187;17,0;35,8;53,4;10120;0,247;11,3;17,2;22,0;8840;0,342;5,0;7,7;13,4;10740;0,201;15,1;21,2;25,3;7740;0,424;53,7;81,5;90,8;8180;0,392
95;5,3;10,3;17,0;10510;0,218;8,9;14,7;21,7;9810;0,270;5,6;11,2;18,7;10580;0,213;5,8;11,8;20,0;10630;0,209;5,3;10,2;16,7;10400;0,226;5,0;7,8;12,7;10370;0,229;5,0;5,1;9,5;10980;0,183;6,4;10,3;15,0;9650;0,282;5,0;6,0;10,0;10430;0,224;5,0;7,7;12,7;10500;0,219;5,0;7,5;12,7;10620;0,209;8,3;17,1;29,0;10610;0,210;5,0;5,0;7,1;10640;0,208;9,5;18,3;30,1;10460;0,222;8,4;18,2;31,7;10730;0,202;11,0;18,5;27,8;9940;0,261;8,5;12,9;17,4;9060;0,326;5,0;8,2;13,1;10190;0,242;5,0;5,0;6,8;10430;0,224;5,0;8,9;15,5;10700;0,204;7,3;15,0;25,2;10610;0,211;8,4;15,9;25,5;10380;0,228;5,0;7,3;13,7;11020;0,180;18,9;39,1;58,1;10110;0,248;11,8;17,9;23,2;8880;0,339;5,0;7,2;12,8;10780;0,198;14,4;19,2;23,2;7810;0,419;55,6;81,2;91,3;7850;0,416
972;8,7;17,2;26,7;10400;0,226;12,8;25,0;45,2;10990;0,182;6,9;18,1;32,7;10980;0,183;8,7;18,0;27,0;10180;0,243;10,5;18,2;26,1;9590;0,286;7,9;14,6;21,9;10140;0,246;7,7;17,5;29,0;10810;0,196;16,7;29,9;38,4;9470;0,296;7,9;15,0;23,7;10340;0,231;6,8;14,4;24,1;10670;0,206;5,6;12,3;21,6;10730;0,202;5,7;14,1;26,3;11030;0,179;7,0;12,9;19,6;10360;0,229;10,4;21,8;34,2;10420;0,225;7,0;19,9;35,5;10910;0,188;12,4;22,8;33,4;9970;0,258;21,4;33,7;40,9;8570;0,363;13,1;27,0;36,5;9870;0,266;6,4;11,6;18,7;10430;0,224;5,6;10,4;16,9;10370;0,229;9,8;22,2;36,7;10670;0,206;5,0;10,3;20,1;11130;0,172;5,0;6,2;12,7;11300;0,159;23,8;45,3;67,8;9960;0,259;18,0;25,4;31,3;8060;0,400;8,6;20,0;31,8;10780;0,198;32,1;44,7;53,3;7790;0,420;39,5;69,0;86,8;9350;0,304
974;10,5;22,5;35,6;10450;0,222;12,4;28,0;50,6;10960;0,184;8,3;23,0;39,5;10820;0,195;10,9;23,4;35,8;10240;0,238;12,4;23,0;33,1;9740;0,275;9,5;18,8;29,1;10260;0,237;8,9;21,3;36,3;10820;0,195;18,0;34,1;43,8;9460;0,296;10,7;20,9;31,6;10270;0,236;9,2;19,9;31,9;10530;0,217;7,8;17,5;29,7;10700;0,204;10,6;25,7;43,8;10680;0,205;9,4;17,1;25,9;10110;0,248;11,5;27,6;44,9;10580;0,213;11,7;33,1;55,8;10720;0,202;11,3;24,3;38,4;10440;0,223;20,6;36,2;44,6;9230;0,313;15,6;32,1;42,9;9520;0,292;10,2;17,6;25,5;9850;0,267;9,4;18,8;29,1;10170;0,243;11,5;30,4;51,9;10830;0,194;7,7;17,6;31,4;10830;0,195;5,0;9,6;19,9;11280;0,161;25,7;51,0;73,2;9890;0,264;15,3;22,4;28,7;8660;0,356;9,7;23,9;39,2;10770;0,198;23,1;33,6;41,7;8500;0,367;32,8;66,4;89,0;9640;0,283
